Год;Атлет;Вид спорта;Дисциплина;Место;Медаль;Федерация
1994;Andrey Kolotvin;Горнолыжный спорт;Скоростной спуск, мужчины;43;—;Федерация лыжного спорта
1994;Andrey Kolotvin;Горнолыжный спорт;Комбинированная гонка, мужчины;29;—;Федерация лыжного спорта
1994;Olga Vedyacheva;Горнолыжный спорт;Скоростной спуск, женщины;24;—;Федерация лыжного спорта
1994;Olga Vedyacheva;Горнолыжный спорт;Супергигант, женщины;37;—;Федерация лыжного спорта
1994;Olga Vedyacheva;Горнолыжный спорт;Комбинированная гонка, женщины;19;—;Федерация лыжного спорта
1994;Dmitry Pantov;Биатлон;Спринт 10 км, мужчины;48;—;Федерация биатлона
1994;Dmitry Pantov;Биатлон;Гонка 20 км, мужчины;51;—;Федерация биатлона
1994;Inna Sheshkil;Биатлон;Спринт 7.5 км, женщины;4;—;Федерация биатлона
1994;Inna Sheshkil;Биатлон;Гонка 15 км, женщины;29;—;Федерация биатлона
1994;Vladimir Smirnov;Лыжные гонки;Гонка 10 км, мужчины;2;Серебро;Федерация лыжных видов спорта
1994;Nikolay Ivanov;Лыжные гонки;Гонка 10 км, мужчины;16;—;Федерация лыжных видов спорта
1994;Pavel Ryabinin;Лыжные гонки;Гонка 10 км, мужчины;34;—;Федерация лыжных видов спорта
1994;Andrey Nevzorov;Лыжные гонки;Гонка 10 км, мужчины;37;—;Федерация лыжных видов спорта
1994;Vladimir Smirnov;Лыжные гонки;Гонка 30 км, мужчины;10;—;Федерация лыжных видов спорта
1994;Nikolay Ivanov;Лыжные гонки;Гонка 30 км, мужчины;40;—;Федерация лыжных видов спорта
1994;Andrey Nevzorov;Лыжные гонки;Гонка 30 км, мужчины;42;—;Федерация лыжных видов спорта
1994;Pavel Korolyov;Лыжные гонки;Гонка 30 км, мужчины;53;—;Федерация лыжных видов спорта
1994;Vladimir Smirnov;Лыжные гонки;Гонка 50 км, мужчины;1;Золото;Федерация лыжных видов спорта
1994;Pavel Ryabinin;Лыжные гонки;Гонка 50 км, мужчины;29;—;Федерация лыжных видов спорта
1994;Sergey Margatsky;Лыжные гонки;Гонка 50 км, мужчины;45;—;Федерация лыжных видов спорта
1994;Nikolay Ivanov;Лыжные гонки;Гонка 50 км, мужчины;50;—;Федерация лыжных видов спорта
1994;Vladimir Smirnov;Лыжные гонки;Гонка преследования 10/15 км, мужчины;2;Серебро;Федерация лыжных видов спорта
1994;Nikolay Ivanov;Лыжные гонки;Гонка преследования 10/15 км, мужчины;19;—;Федерация лыжных видов спорта
1994;Pavel Ryabinin;Лыжные гонки;Гонка преследования 10/15 км, мужчины;26;—;Федерация лыжных видов спорта
1994;Andrey Nevzorov;Лыжные гонки;Гонка преследования 10/15 км, мужчины;31;—;Федерация лыжных видов спорта
1994;Yelena Volodina;Лыжные гонки;Гонка 5 км, женщины;33;—;Федерация лыжных видов спорта
1994;Yelena Chernetsova;Лыжные гонки;Гонка 5 км, женщины;49;—;Федерация лыжных видов спорта
1994;Nataliya Shtaymets;Лыжные гонки;Гонка 5 км, женщины;52;—;Федерация лыжных видов спорта
1994;Oksana Kotova;Лыжные гонки;Гонка 5 км, женщины;56;—;Федерация лыжных видов спорта
1994;Oksana Kotova;Лыжные гонки;Гонка 15 км, женщины;43;—;Федерация лыжных видов спорта
1994;Yelena Volodina;Лыжные гонки;Гонка 15 км, женщины;47;—;Федерация лыжных видов спорта
1994;Yelena Chernetsova;Лыжные гонки;Гонка 15 км, женщины;53;—;Федерация лыжных видов спорта
1994;Yelena Volodina;Лыжные гонки;Гонка 30 км, женщины;21;—;Федерация лыжных видов спорта
1994;Yelena Chernetsova;Лыжные гонки;Гонка 30 км, женщины;46;—;Федерация лыжных видов спорта
1994;Oksana Kotova;Лыжные гонки;Гонка 30 км, женщины;47;—;Федерация лыжных видов спорта
1994;Yelena Volodina;Лыжные гонки;Гонка преследования 5/10 км, женщины;38;—;Федерация лыжных видов спорта
1994;Oksana Kotova;Лыжные гонки;Гонка преследования 5/10 км, женщины;48;—;Федерация лыжных видов спорта
1994;Yelena Chernetsova;Лыжные гонки;Гонка преследования 5/10 км, женщины;53;—;Федерация лыжных видов спорта
1994;Nataliya Shtaymets;Лыжные гонки;Гонка преследования 5/10 км, женщины;DNS;—;Федерация лыжных видов спорта
1994;Aleksey Bannikov;Фристайл;Могул, мужчины;21;—;Федерация лыжного спорта
1994;Yelena Sinitsina;Шорт-трек;500 метров, женщины;21;—;Федерация коньковых видов спорта
1994;Yelena Sinitsina;Шорт-трек;1000 метров, женщины;DQ;—;Федерация коньковых видов спорта
1994;Andrey Verveykin;Прыжки с трамплина;Личный зачет, нормальный трамплин, мужчины;24;—;Федерация лыжных видов спорта
1994;Aleksandr Kolmakov;Прыжки с трамплина;Личный зачет, нормальный трамплин, мужчины;46;—;Федерация лыжных видов спорта
1994;Kayrat Biekenov;Прыжки с трамплина;Личный зачет, нормальный трамплин, мужчины;49;—;Федерация лыжных видов спорта
1994;Andrey Verveykin;Прыжки с трамплина;Личный зачет, большой трамплин, мужчины;37;—;Федерация лыжных видов спорта
1994;Aleksandr Kolmakov;Прыжки с трамплина;Личный зачет, большой трамплин, мужчины;48;—;Федерация лыжных видов спорта
1994;Kayrat Biekenov;Прыжки с трамплина;Личный зачет, большой трамплин, мужчины;58;—;Федерация лыжных видов спорта
1994;Vadim Shakshakbayev;Конькобежный спорт;500 метров, мужчины;12;—;Федерация коньковых видов спорта
1994;Vladimir Klepinin;Конькобежный спорт;500 метров, мужчины;33;—;Федерация коньковых видов спорта
1994;Vadim Shakshakbayev;Конькобежный спорт;1000 метров, мужчины;20;—;Федерация коньковых видов спорта
1994;Vladimir Klepinin;Конькобежный спорт;1000 метров, мужчины;34;—;Федерация коньковых видов спорта
1994;Radik Bikchentayev;Конькобежный спорт;1500 метров, мужчины;29;—;Федерация коньковых видов спорта
1994;Vadim Sayutin;Конькобежный спорт;1500 метров, мужчины;30;—;Федерация коньковых видов спорта
1994;Sergey Tsybenko;Конькобежный спорт;1500 метров, мужчины;33;—;Федерация коньковых видов спорта
1994;Radik Bikchentayev;Конькобежный спорт;5000 метров, мужчины;16;—;Федерация коньковых видов спорта
1994;Yevgeny Sanarov;Конькобежный спорт;5000 метров, мужчины;19;—;Федерация коньковых видов спорта
1994;Vadim Sayutin;Конькобежный спорт;5000 метров, мужчины;27;—;Федерация коньковых видов спорта
1994;Yevgeny Sanarov;Конькобежный спорт;10000 метров, мужчины;14;—;Федерация коньковых видов спорта
1994;Lyudmila Prokashova;Конькобежный спорт;3000 метров, женщины;4;—;Федерация коньковых видов спорта
1994;Kenzhesh Sarsekenova;Конькобежный спорт;3000 метров, женщины;24;—;Федерация коньковых видов спорта
1994;Lyudmila Prokashova;Конькобежный спорт;5000 метров, женщины;6;—;Федерация коньковых видов спорта
1996;Vadim Shikarev;Стрельба из лука;Личный зачет, мужчины;30;—;Федерация стрельбы из лука, арбалета, дартса
1996;Vitaly Shin;Стрельба из лука;Личный зачет, мужчины;33;—;Федерация стрельбы из лука, арбалета, дартса
1996;Sergey Martynov;Стрельба из лука;Личный зачет, мужчины;43;—;Федерация стрельбы из лука, арбалета, дартса
1996;Anna Mozhar;Стрельба из лука;Личный зачет, женщины;37;—;Федерация стрельбы из лука, арбалета, дартса
1996;Irina Leonova;Стрельба из лука;Личный зачет, женщины;52;—;Федерация стрельбы из лука, арбалета, дартса
1996;Yana Tunyantse;Стрельба из лука;Личный зачет, женщины;58;—;Федерация стрельбы из лука, арбалета, дартса
1996;Aleksey Dmitriyenko;Спортивная гимнастика;Многоборье, мужчины;43 r1/2;—;Федерация гимнастики
1996;Sergey Fedorchenko;Спортивная гимнастика;Многоборье, мужчины;46 r1/2;—;Федерация гимнастики
1996;Sergey Fedorchenko;Спортивная гимнастика;Вольные упражнения, мужчины;29 r1/1;—;Федерация гимнастики
1996;Aleksey Dmitriyenko;Спортивная гимнастика;Вольные упражнения, мужчины;=68 r1/1;—;Федерация гимнастики
1996;Sergey Fedorchenko;Спортивная гимнастика;Опорный прыжок, мужчины;=12 r1/1;—;Федерация гимнастики
1996;Aleksey Dmitriyenko;Спортивная гимнастика;Опорный прыжок, мужчины;=87 r1/1;—;Федерация гимнастики
1996;Aleksey Dmitriyenko;Спортивная гимнастика;Параллельные брусья, мужчины;=50 r1/1;—;Федерация гимнастики
1996;Sergey Fedorchenko;Спортивная гимнастика;Параллельные брусья, мужчины;=68 r1/1;—;Федерация гимнастики
1996;Aleksey Dmitriyenko;Спортивная гимнастика;Перекладина, мужчины;45 r1/1;—;Федерация гимнастики
1996;Sergey Fedorchenko;Спортивная гимнастика;Перекладина, мужчины;92 r1/1;—;Федерация гимнастики
1996;Sergey Fedorchenko;Спортивная гимнастика;Кольца, мужчины;73 r1/1;—;Федерация гимнастики
1996;Aleksey Dmitriyenko;Спортивная гимнастика;Кольца, мужчины;=76 r1/1;—;Федерация гимнастики
1996;Sergey Fedorchenko;Спортивная гимнастика;Конь, мужчины;=64 r1/1;—;Федерация гимнастики
1996;Aleksey Dmitriyenko;Спортивная гимнастика;Конь, мужчины;=71 r1/1;—;Федерация гимнастики
1996;Olga Kozhevnikova;Спортивная гимнастика;Многоборье, женщины;56 r1/2;—;Федерация гимнастики
1996;Olga Kozhevnikova;Спортивная гимнастика;Вольные упражнения, женщины;=61 r1/1;—;Федерация гимнастики
1996;Olga Kozhevnikova;Спортивная гимнастика;Опорный прыжок, женщины;=62 r1/1;—;Федерация гимнастики
1996;Olga Kozhevnikova;Спортивная гимнастика;Разновысокие брусья, женщины;70 r1/1;—;Федерация гимнастики
1996;Olga Kozhevnikova;Спортивная гимнастика;Бревно, женщины;=74 r1/1;—;Федерация гимнастики
1996;Vitaly Savin;Легкая атлетика;100 метров, мужчины;5 h10 r1/4;—;Федерация легкой атлетики
1996;Vitaly Medvedev;Легкая атлетика;100 метров, мужчины;7 h5 r1/4;—;Федерация легкой атлетики
1996;Valery Borisov;Легкая атлетика;Спортивная ходьба 20 км, мужчины;17;—;Федерация легкой атлетики
1996;Sergey Korepanov;Легкая атлетика;Спортивная ходьба 50 км, мужчины;8;—;Федерация легкой атлетики
1996;Igor Potapovich;Легкая атлетика;Прыжки с шестом, мужчины;4;—;Федерация легкой атлетики
1996;Sergey Arzamasov;Легкая атлетика;Тройной прыжок, мужчины;36 r1/2;—;Федерация легкой атлетики
1996;Sergey Rubtsov;Легкая атлетика;Толкание ядра, мужчины;AC r1/2;—;Федерация легкой атлетики
1996;Nataliya Vorobyova;Легкая атлетика;100 метров, женщины;5 h1 r1/4;—;Федерация легкой атлетики
1996;Svetlana Bodritskaya;Легкая атлетика;400 метров, женщины;5 h6 r1/4;—;Федерация легкой атлетики
1996;Irina Mikitenko;Легкая атлетика;5000 метров, женщины;11 h3 r1/2;—;Федерация легкой атлетики
1996;Nataliya Torshina;Легкая атлетика;Бег с барьерами 400 м, женщины;5 h2 r1/3;—;Федерация легкой атлетики
1996;Svetlana Tolstaya;Легкая атлетика;Спортивная ходьба 10 км, женщины;21;—;Федерация легкой атлетики
1996;Mayya Sozonova;Легкая атлетика;Спортивная ходьба 10 км, женщины;35;—;Федерация легкой атлетики
1996;Svetlana Zalevskaya;Легкая атлетика;Прыжки в высоту, женщины;13;—;Федерация легкой атлетики
1996;Yelena Pershina;Легкая атлетика;Прыжки в длину, женщины;15 r1/2;—;Федерация легкой атлетики
1996;Yelena Koshcheyeva;Легкая атлетика;Прыжки в длину, женщины;35 r1/2;—;Федерация легкой атлетики
1996;Yelena Baltabayeva;Легкая атлетика;Толкание ядра, женщины;22 r1/2;—;Федерация легкой атлетики
1996;Svetlana Kazanina;Легкая атлетика;Семиборье, женщины;18;—;Федерация легкой атлетики
1996;Bolat Zhumadilov;Бокс;Наилегчайший вес, мужчины;2;Серебро;Федерация бокса
1996;Bektas Abubakirov;Бокс;Легчайший вес, мужчины;17;—;Федерация бокса
1996;Bakhtiyar Tyleganov;Бокс;Полулегкий вес, мужчины;17;—;Федерация бокса
1996;Bolat Niyazymbetov;Бокс;Первый полусредний вес, мужчины;3;Бронза;Федерация бокса
1996;Nurzhan Smanov;Бокс;Полусредний вес, мужчины;6;—;Федерация бокса
1996;Yermakhan Ibraimov;Бокс;Первый средний вес, мужчины;3;Бронза;Федерация бокса
1996;Vasily Zhirov;Бокс;Полутяжелый вес, мужчины;1;Золото;Федерация бокса
1996;Mikhail Yurchenko;Бокс;Супертяжелый вес, мужчины;9;—;Федерация бокса
1996;Yevgeny Yegorov;Гребля на байдарках и каноэ;Байдарка-одиночка, 500 метров, мужчины;6 h2 r2/4;—;Федерация гребли на байдарках и каноэ
1996;Andrey Safaryan;Гребля на байдарках и каноэ;Байдарка-одиночка, 1000 метров, мужчины;6 h2 r2/4;—;Федерация гребли на байдарках и каноэ
1996;Konstantin Negodyayev;Гребля на байдарках и каноэ;Каноэ-одиночка, 500 метров, мужчины;7;—;Федерация гребли на байдарках и каноэ
1996;Konstantin Negodyayev;Гребля на байдарках и каноэ;Каноэ-одиночка, 1000 метров, мужчины;5 h1 r2/3;—;Федерация гребли на байдарках и каноэ
1996;Andrey Kivilyov;Шоссейный велоспорт;Групповая гонка, мужчины;29;—;Федерация велоспорта
1996;Aleksandr Vinokurov;Шоссейный велоспорт;Групповая гонка, мужчины;53;—;Федерация велоспорта
1996;Aleksandr Shefer;Шоссейный велоспорт;Групповая гонка, мужчины;85;—;Федерация велоспорта
1996;Andrey Teteryuk;Шоссейный велоспорт;Групповая гонка, мужчины;89;—;Федерация велоспорта
1996;Alla Vasilenko;Шоссейный велоспорт;Road Race, Individual, Women;DNF;—;Федерация велоспорта
1996;Vadim Kravchenko;Трековый велоспорт;Индивидуальная гонка преследования, 4000 метров, мужчины;14;—;Федерация велоспорта
1996;Sergey Lavrinenko;Трековый велоспорт;Гонка по очкам, мужчины;11;—;Федерация велоспорта
1996;Alla Vasilenko;Трековый велоспорт;Гонка по очкам, женщины;12;—;Федерация велоспорта
1996;Damir Akhmetbekov;Прыжки в воду;Вышка, мужчины;17;—;Федерация водных видов спорта
1996;Samat Muratov;Прыжки в воду;Вышка, мужчины;21;—;Федерация водных видов спорта
1996;Irina Vyguzova;Прыжки в воду;Трамплин, женщины;10;—;Федерация водных видов спорта
1996;Yelena Ivanova;Прыжки в воду;Трамплин, женщины;18;—;Федерация водных видов спорта
1996;Irina Vyguzova;Прыжки в воду;Вышка, женщины;7;—;Федерация водных видов спорта
1996;Nataliya Chikina;Прыжки в воду;Вышка, женщины;15;—;Федерация водных видов спорта
1996;Vyacheslav Grigoryev;Фехтование;Фехтование, рапира, личный зачет, мужчины;25;—;Федерация фехтования
1996;Sergey Akhirov;Дзюдо;Второй наилегчайший вес, мужчины;21;—;Федерация дзюдо
1996;Akhat Akhirov;Дзюдо;Легкий вес, мужчины;21;—;Федерация дзюдо
1996;Ruslan Seilkhanov;Дзюдо;Первый средний вес, мужчины;21;—;Федерация дзюдо
1996;Sergey Alimzhanov;Дзюдо;Средний вес, мужчины;13;—;Федерация дзюдо
1996;Sergey Shakimov;Дзюдо;Первый полутяжелый вес, мужчины;13;—;Федерация дзюдо
1996;Igor Peshkov;Дзюдо;Тяжелый вес, мужчины;17;—;Федерация дзюдо
1996;Valentina Kamsulyeva;Дзюдо;Первый средний вес, женщины;16;—;Федерация дзюдо
1996;Yevgeniya Bogunova;Дзюдо;Первый полутяжелый вес, женщины;19;—;Федерация дзюдо
1996;Aleksandr Parygin;Современное пятиборье;Личный зачет, мужчины;1;Золото;Федерация современного пятиборья
1996;Dmitry Tyurin;Современное пятиборье;Личный зачет, мужчины;31;—;Федерация современного пятиборья
1996;Vladimir Vokhmyanin;Стрельба;Скорострельный пистолет, 25 метров, мужчины;3;Бронза;Федерация спортивной стрельбы
1996;Sergey Belyayev;Стрельба;Пневматическая винтовка, 10 метров, мужчины;38;—;Федерация спортивной стрельбы
1996;Sergey Belyayev;Стрельба;Малокалиберная винтовка, три положения, 50 метров, мужчины;2;Серебро;Федерация спортивной стрельбы
1996;Sergey Belyayev;Стрельба;Малокалиберная винтовка, лежа, 50 метров, мужчины;2;Серебро;Федерация спортивной стрельбы
1996;Yury Rodnov;Стрельба;Движущаяся мишень, 10 метров, мужчины;12;—;Федерация спортивной стрельбы
1996;Galina Belyayeva;Стрельба;Пневматический пистолет, 10 метров, женщины;6;—;Федерация спортивной стрельбы
1996;Yuliya Bondareva;Стрельба;Пневматический пистолет, 10 метров, женщины;7;—;Федерация спортивной стрельбы
1996;Yuliya Bondareva;Стрельба;Спортивный пистолет, 25 метров, женщины;9;—;Федерация спортивной стрельбы
1996;Galina Belyayeva;Стрельба;Спортивный пистолет, 25 метров, женщины;30;—;Федерация спортивной стрельбы
1996;Sergey Borisenko;Плавание;50 метров вольным стилем, мужчины;26;—;Федерация водных видов спорта
1996;Aleksey Yegorov;Плавание;100 метров вольным стилем, мужчины;21;—;Федерация водных видов спорта
1996;Aleksey Yegorov;Плавание;200 метров вольным стилем, мужчины;22;—;Федерация водных видов спорта
1996;Sergey Ushkalov;Плавание;100 метров на спине, мужчины;42;—;Федерация водных видов спорта
1996;Aleksandr Savitsky;Плавание;100 метров брассом, мужчины;38;—;Федерация водных видов спорта
1996;Andrey Gavrilov;Плавание;100 метров баттерфляем, мужчины;21;—;Федерация водных видов спорта
1996;Aleksandr Savitsky;Плавание;200 метров комплексным плаванием, мужчины;31;—;Федерация водных видов спорта
1996;Yevgeniya Yermakova;Плавание;50 метров вольным стилем, женщины;13;—;Федерация водных видов спорта
1996;Yevgeniya Yermakova;Плавание;100 метров вольным стилем, женщины;42;—;Федерация водных видов спорта
1996;Aleksandr Okhramenko;Тяжелая атлетика;Полулегкий вес, мужчины;16;—;Федерация тяжелой атлетики
1996;Oleg Yem;Тяжелая атлетика;Полулегкий вес, мужчины;23;—;Федерация тяжелой атлетики
1996;Rishat Mansurov;Тяжелая атлетика;Полутяжелый вес, мужчины;10;—;Федерация тяжелой атлетики
1996;Kuanysh Rymkulov;Тяжелая атлетика;Полутяжелый вес, мужчины;DNF;—;Федерация тяжелой атлетики
1996;Andrey Makarov;Тяжелая атлетика;Первый тяжелый вес, мужчины;18;—;Федерация тяжелой атлетики
1996;Anatoly Khrapaty;Тяжелая атлетика;Тяжелый вес I, мужчины;2;Серебро;Федерация тяжелой атлетики
1996;Sergey Kopytov;Тяжелая атлетика;Тяжелый вес I, мужчины;DNF;—;Федерация тяжелой атлетики
1996;Nurym Dyusenov;Борьба;Наилегчайший вес, греко-римская борьба, мужчины;10;—;Федерация борьбы
1996;Yury Melnichenko;Борьба;Легчайший вес, греко-римская борьба, мужчины;1;Золото;Федерация борьбы
1996;Bakhtiyar Bayseitov;Борьба;Полусредний вес, греко-римская борьба, мужчины;11;—;Федерация борьбы
1996;Daulet Turlykhanov;Борьба;Средний вес, греко-римская борьба, мужчины;4;—;Федерация борьбы
1996;Sergey Matviyenko;Борьба;Полутяжелый вес, греко-римская борьба, мужчины;11;—;Федерация борьбы
1996;Maulen Mamyrov;Борьба;Наилегчайший вес, вольная борьба, мужчины;3;Бронза;Федерация борьбы
1996;Artur Fyodorov;Борьба;Легчайший вес, вольная борьба, мужчины;13;—;Федерация борьбы
1996;Magomed Kurugliyev;Борьба;Полусредний вес, вольная борьба, мужчины;19;—;Федерация борьбы
1996;Elmadi Zhabrailov;Борьба;Средний вес, вольная борьба, мужчины;6;—;Федерация борьбы
1996;Islam Bayramukov;Борьба;Полутяжелый вес, вольная борьба, мужчины;11;—;Федерация борьбы
1996;Igor Klimov;Борьба;Супертяжелый вес, вольная борьба, мужчины;15;—;Федерация борьбы
1998;Dmitry Kvach;Горнолыжный спорт;Гигантский слалом, мужчины;DNF;—;Федерация лыжного спорта
1998;Yuliya Krygina;Горнолыжный спорт;Супергигант, женщины;DNF;—;Федерация лыжного спорта
1998;Yuliya Krygina;Горнолыжный спорт;Гигантский слалом, женщины;DNS;—;Федерация лыжного спорта
1998;Dmitry Pozdnyakov;Биатлон;Спринт 10 км, мужчины;24;—;Федерация биатлона
1998;Valery Ivanov;Биатлон;Спринт 10 км, мужчины;31;—;Федерация биатлона
1998;Dmitry Pantov;Биатлон;Спринт 10 км, мужчины;54;—;Федерация биатлона
1998;Dmitry Pantov;Биатлон;Гонка 20 км, мужчины;49;—;Федерация биатлона
1998;Valery Ivanov;Биатлон;Гонка 20 км, мужчины;52;—;Федерация биатлона
1998;Dmitry Pozdnyakov;Биатлон;Гонка 20 км, мужчины;59;—;Федерация биатлона
1998;Margarita Dulova;Биатлон;Спринт 7.5 км, женщины;18;—;Федерация биатлона
1998;Inna Sheshkil;Биатлон;Спринт 7.5 км, женщины;20;—;Федерация биатлона
1998;Lyudmila Guryeva;Биатлон;Гонка 15 км, женщины;23;—;Федерация биатлона
1998;Inna Sheshkil;Биатлон;Гонка 15 км, женщины;54;—;Федерация биатлона
1998;Vladimir Smirnov;Лыжные гонки;Гонка 10 км, мужчины;4;—;Федерация лыжных видов спорта
1998;Pavel Ryabinin;Лыжные гонки;Гонка 10 км, мужчины;50;—;Федерация лыжных видов спорта
1998;Andrey Nevzorov;Лыжные гонки;Гонка 10 км, мужчины;68;—;Федерация лыжных видов спорта
1998;Vitaly Lilichenko;Лыжные гонки;Гонка 10 км, мужчины;80;—;Федерация лыжных видов спорта
1998;Vladimir Smirnov;Лыжные гонки;Гонка 30 км, мужчины;12;—;Федерация лыжных видов спорта
1998;Pavel Ryabinin;Лыжные гонки;Гонка 30 км, мужчины;13;—;Федерация лыжных видов спорта
1998;Andrey Nevzorov;Лыжные гонки;Гонка 30 км, мужчины;41;—;Федерация лыжных видов спорта
1998;Vladimir Bortsov;Лыжные гонки;Гонка 30 км, мужчины;50;—;Федерация лыжных видов спорта
1998;Vladimir Smirnov;Лыжные гонки;Гонка 50 км, мужчины;8;—;Федерация лыжных видов спорта
1998;Andrey Nevzorov;Лыжные гонки;Гонка 50 км, мужчины;23;—;Федерация лыжных видов спорта
1998;Vladimir Bortsov;Лыжные гонки;Гонка 50 км, мужчины;45;—;Федерация лыжных видов спорта
1998;Vitaly Lilichenko;Лыжные гонки;Гонка 50 км, мужчины;55;—;Федерация лыжных видов спорта
1998;Vladimir Smirnov;Лыжные гонки;Гонка преследования 10/15 км, мужчины;3;Бронза;Федерация лыжных видов спорта
1998;Pavel Ryabinin;Лыжные гонки;Гонка преследования 10/15 км, мужчины;36;—;Федерация лыжных видов спорта
1998;Andrey Nevzorov;Лыжные гонки;Гонка преследования 10/15 км, мужчины;48;—;Федерация лыжных видов спорта
1998;Vitaly Lilichenko;Лыжные гонки;Гонка преследования 10/15 км, мужчины;59;—;Федерация лыжных видов спорта
1998;Oksana Yatskaya;Лыжные гонки;Гонка 5 км, женщины;27;—;Федерация лыжных видов спорта
1998;Svetlana Shishkina;Лыжные гонки;Гонка 5 км, женщины;35;—;Федерация лыжных видов спорта
1998;Svetlana Deshevykh;Лыжные гонки;Гонка 5 км, женщины;44;—;Федерация лыжных видов спорта
1998;Olga Seleznyova;Лыжные гонки;Гонка 5 км, женщины;66;—;Федерация лыжных видов спорта
1998;Svetlana Deshevykh;Лыжные гонки;Гонка 15 км, женщины;20;—;Федерация лыжных видов спорта
1998;Oksana Yatskaya;Лыжные гонки;Гонка 15 км, женщины;32;—;Федерация лыжных видов спорта
1998;Svetlana Shishkina;Лыжные гонки;Гонка 15 км, женщины;49;—;Федерация лыжных видов спорта
1998;Yelena Antonova;Лыжные гонки;Гонка 15 км, женщины;57;—;Федерация лыжных видов спорта
1998;Svetlana Deshevykh;Лыжные гонки;Гонка 30 км, женщины;21;—;Федерация лыжных видов спорта
1998;Svetlana Shishkina;Лыжные гонки;Гонка 30 км, женщины;30;—;Федерация лыжных видов спорта
1998;Oksana Yatskaya;Лыжные гонки;Гонка 30 км, женщины;40;—;Федерация лыжных видов спорта
1998;Olga Seleznyova;Лыжные гонки;Гонка 30 км, женщины;52;—;Федерация лыжных видов спорта
1998;Svetlana Deshevykh;Лыжные гонки;Гонка преследования 5/10 км, женщины;38;—;Федерация лыжных видов спорта
1998;Oksana Yatskaya;Лыжные гонки;Гонка преследования 5/10 км, женщины;39;—;Федерация лыжных видов спорта
1998;Svetlana Shishkina;Лыжные гонки;Гонка преследования 5/10 км, женщины;42;—;Федерация лыжных видов спорта
1998;Olga Seleznyova;Лыжные гонки;Гонка преследования 5/10 км, женщины;63;—;Федерация лыжных видов спорта
1998;Yury Litvinov;Фигурное катание;Одиночное катание, мужчины;28 r1/2;—;Федерация фигурного катания
1998;Aleksey Bannikov;Фристайл;Могул, мужчины;26;—;Федерация лыжного спорта
1998;Irina Kormysheva;Фристайл;Могул, женщины;DNF;—;Федерация лыжного спорта
1998;Dmitry Chvykov;Прыжки с трамплина;Личный зачет, нормальный трамплин, мужчины;30;—;Федерация лыжных видов спорта
1998;Stanislav Filimonov;Прыжки с трамплина;Личный зачет, нормальный трамплин, мужчины;32;—;Федерация лыжных видов спорта
1998;Pavel Gayduk;Прыжки с трамплина;Личный зачет, нормальный трамплин, мужчины;48;—;Федерация лыжных видов спорта
1998;Aleksandr Kolmakov;Прыжки с трамплина;Личный зачет, нормальный трамплин, мужчины;58;—;Федерация лыжных видов спорта
1998;Stanislav Filimonov;Прыжки с трамплина;Личный зачет, большой трамплин, мужчины;25;—;Федерация лыжных видов спорта
1998;Pavel Gayduk;Прыжки с трамплина;Личный зачет, большой трамплин, мужчины;42;—;Федерация лыжных видов спорта
1998;Aleksandr Kolmakov;Прыжки с трамплина;Личный зачет, большой трамплин, мужчины;46;—;Федерация лыжных видов спорта
1998;Dmitry Chvykov;Прыжки с трамплина;Личный зачет, большой трамплин, мужчины;49;—;Федерация лыжных видов спорта
1998;Vadim Shakshakbayev;Конькобежный спорт;500 метров, мужчины;24;—;Федерация коньковых видов спорта
1998;Vladimir Klepinin;Конькобежный спорт;500 метров, мужчины;32;—;Федерация коньковых видов спорта
1998;Sergey Tsybenko;Конькобежный спорт;1000 метров, мужчины;17;—;Федерация коньковых видов спорта
1998;Vladimir Klepinin;Конькобежный спорт;1000 метров, мужчины;37;—;Федерация коньковых видов спорта
1998;Sergey Tsybenko;Конькобежный спорт;1500 метров, мужчины;19;—;Федерация коньковых видов спорта
1998;Radik Bikchentayev;Конькобежный спорт;1500 метров, мужчины;27;—;Федерация коньковых видов спорта
1998;Sergey Kaznacheyev;Конькобежный спорт;1500 метров, мужчины;41;—;Федерация коньковых видов спорта
1998;Sergey Kaznacheyev;Конькобежный спорт;5000 метров, мужчины;26;—;Федерация коньковых видов спорта
1998;Radik Bikchentayev;Конькобежный спорт;5000 метров, мужчины;27;—;Федерация коньковых видов спорта
1998;Lyudmila Prokashova;Конькобежный спорт;1,500 metres, Women;11;—;Федерация коньковых видов спорта
1998;Lyudmila Prokashova;Конькобежный спорт;3000 метров, женщины;7;—;Федерация коньковых видов спорта
1998;Kenzhesh Orynbayeva;Конькобежный спорт;3000 метров, женщины;31;—;Федерация коньковых видов спорта
1998;Lyudmila Prokashova;Конькобежный спорт;5000 метров, женщины;3;Бронза;Федерация коньковых видов спорта
2000;Vadim Shikarev;Стрельба из лука;Личный зачет, мужчины;10;—;Федерация стрельбы из лука, арбалета, дартса
2000;Stanislav Zabrodsky;Стрельба из лука;Личный зачет, мужчины;12;—;Федерация стрельбы из лука, арбалета, дартса
2000;Aleksandr Li;Стрельба из лука;Личный зачет, мужчины;54;—;Федерация стрельбы из лука, арбалета, дартса
2000;Yelena Plotnikova;Стрельба из лука;Личный зачет, женщины;47;—;Федерация стрельбы из лука, арбалета, дартса
2000;Sergey Fedorchenko;Спортивная гимнастика;Многоборье, мужчины;81 r1/2;—;Федерация гимнастики
2000;Sergey Fedorchenko;Спортивная гимнастика;Опорный прыжок, мужчины;5;—;Федерация гимнастики
2000;Sergey Fedorchenko;Спортивная гимнастика;Перекладина, мужчины;10 r1/1;—;Федерация гимнастики
2000;Sergey Fedorchenko;Спортивная гимнастика;Конь, мужчины;=23 r1/1;—;Федерация гимнастики
2000;Irina Yevdokimova;Спортивная гимнастика;Многоборье, женщины;47 r1/2;—;Федерация гимнастики
2000;Irina Yevdokimova;Спортивная гимнастика;Вольные упражнения, женщины;47 r1/1;—;Федерация гимнастики
2000;Irina Yevdokimova;Спортивная гимнастика;Опорный прыжок, женщины;=50 r1/1;—;Федерация гимнастики
2000;Irina Yevdokimova;Спортивная гимнастика;Разновысокие брусья, женщины;=67 r1/1;—;Федерация гимнастики
2000;Irina Yevdokimova;Спортивная гимнастика;Бревно, женщины;62 r1/1;—;Федерация гимнастики
2000;Vitaly Medvedev;Легкая атлетика;100 метров, мужчины;9 h10 r1/4;—;Федерация легкой атлетики
2000;Gennady Chernovol;Легкая атлетика;200 metres, Men;6 h3 r1/4;—;Федерация легкой атлетики
2000;Valery Borisov;Легкая атлетика;Спортивная ходьба 20 км, мужчины;38;—;Федерация легкой атлетики
2000;Sergey Korepanov;Легкая атлетика;Спортивная ходьба 50 км, мужчины;15;—;Федерация легкой атлетики
2000;Valery Borisov;Легкая атлетика;Спортивная ходьба 50 км, мужчины;25;—;Федерация легкой атлетики
2000;Yury Pakhlyayev;Легкая атлетика;High Jump, Men;19 r1/2;—;Федерация легкой атлетики
2000;Igor Potapovich;Легкая атлетика;Прыжки с шестом, мужчины;AC r1/2;—;Федерация легкой атлетики
2000;Sergey Arzamasov;Легкая атлетика;Тройной прыжок, мужчины;15 r1/2;—;Федерация легкой атлетики
2000;Oleg Sakirkin;Легкая атлетика;Тройной прыжок, мужчины;28 r1/2;—;Федерация легкой атлетики
2000;Sergey Rubtsov;Легкая атлетика;Толкание ядра, мужчины;37 r1/2;—;Федерация легкой атлетики
2000;Viktoriya Kovyreva;Легкая атлетика;100 метров, женщины;5 h5 r1/4;—;Федерация легкой атлетики
2000;Svetlana Bodritskaya;Легкая атлетика;400 метров, женщины;6 h2 r1/4;—;Федерация легкой атлетики
2000;Garifa Kuku;Легкая атлетика;Marathon, Women;DNF;—;Федерация легкой атлетики
2000;Olga Shishigina;Легкая атлетика;100 metres Hurdles, Women;1;Золото;Федерация легкой атлетики
2000;Nataliya Torshina;Легкая атлетика;Бег с барьерами 400 м, женщины;7 h1 r2/3;—;Федерация легкой атлетики
2000;Svetlana Tolstaya;Легкая атлетика;Спортивная ходьба 20 км, женщины;21;—;Федерация легкой атлетики
2000;Yelena Kuznetsova;Легкая атлетика;Спортивная ходьба 20 км, женщины;40;—;Федерация легкой атлетики
2000;Mayya Sozonova;Легкая атлетика;Спортивная ходьба 20 км, женщины;DNF;—;Федерация легкой атлетики
2000;Svetlana Zalevskaya;Легкая атлетика;Прыжки в высоту, женщины;6;—;Федерация легкой атлетики
2000;Yelena Koshcheyeva;Легкая атлетика;Прыжки в длину, женщины;13 r1/2;—;Федерация легкой атлетики
2000;Yelena Pershina;Легкая атлетика;Прыжки в длину, женщины;28 r1/2;—;Федерация легкой атлетики
2000;Anna Tarasova;Легкая атлетика;Прыжки в длину, женщины;AC r1/2;—;Федерация легкой атлетики
2000;Yelena Parfyonova;Легкая атлетика;Тройной прыжок, женщины;21 r1/2;—;Федерация легкой атлетики
2000;Anna Tarasova;Легкая атлетика;Тройной прыжок, женщины;27 r1/2;—;Федерация легкой атлетики
2000;Iolanta Ulyeva;Легкая атлетика;Толкание ядра, женщины;21 r1/2;—;Федерация легкой атлетики
2000;Svetlana Kazanina;Легкая атлетика;Семиборье, женщины;16;—;Федерация легкой атлетики
2000;Irina Naumenko;Легкая атлетика;Семиборье, женщины;21;—;Федерация легкой атлетики
2000;Bolat Zhumadilov;Бокс;Наилегчайший вес, мужчины;2;Серебро;Федерация бокса
2000;Bekzat Sattarkhanov;Бокс;Полулегкий вес, мужчины;1;Золото;Федерация бокса
2000;Nurzhan Karimzhanov;Бокс;Легкий вес, мужчины;6;—;Федерация бокса
2000;Daniyar Munaytbasov;Бокс;Полусредний вес, мужчины;6;—;Федерация бокса
2000;Yermakhan Ibraimov;Бокс;Первый средний вес, мужчины;1;Золото;Федерация бокса
2000;Olzhas Orazaliyev;Бокс;Полутяжелый вес, мужчины;7;—;Федерация бокса
2000;Mukhtarkhan Dildabekov;Бокс;Супертяжелый вес, мужчины;2;Серебро;Федерация бокса
2000;Sergey Sergin;Гребля на байдарках и каноэ;Байдарка-одиночка, 500 метров, мужчины;7 h2 r1/3;—;Федерация гребли на байдарках и каноэ
2000;Sergey Sergin;Гребля на байдарках и каноэ;Байдарка-одиночка, 1000 метров, мужчины;8 h1 r2/3;—;Федерация гребли на байдарках и каноэ
2000;Kaysar Nurmaganbetov;Гребля на байдарках и каноэ;Каноэ-одиночка, 500 метров, мужчины;6 h1 r2/3;—;Федерация гребли на байдарках и каноэ
2000;Kaysar Nurmaganbetov;Гребля на байдарках и каноэ;Каноэ-одиночка, 1000 метров, мужчины;7 h1 r2/3;—;Федерация гребли на байдарках и каноэ
2000;Aleksandr Vinokurov;Шоссейный велоспорт;Групповая гонка, мужчины;2;Серебро;Федерация велоспорта
2000;Andrey Teteryuk;Шоссейный велоспорт;Групповая гонка, мужчины;45;—;Федерация велоспорта
2000;Aleksandr Shefer;Шоссейный велоспорт;Групповая гонка, мужчины;52;—;Федерация велоспорта
2000;Sergey Yakovlev;Шоссейный велоспорт;Групповая гонка, мужчины;56;—;Федерация велоспорта
2000;Andrey Kivilyov;Шоссейный велоспорт;Групповая гонка, мужчины;72;—;Федерация велоспорта
2000;Andrey Teteryuk;Шоссейный велоспорт;Индивидуальная гонка с раздельным стартом, мужчины;6;—;Федерация велоспорта
2000;Aleksandr Vinokurov;Шоссейный велоспорт;Индивидуальная гонка с раздельным стартом, мужчины;27;—;Федерация велоспорта
2000;Vadim Kravchenko;Трековый велоспорт;Индивидуальная гонка преследования, 4000 метров, мужчины;17;—;Федерация велоспорта
2000;Sergey Lavrinenko;Трековый велоспорт;Гонка по очкам, мужчины;20;—;Федерация велоспорта
2000;Alisher Seitov;Прыжки в воду;Springboard, Men;42;—;Федерация водных видов спорта
2000;Aleksey Gurman;Прыжки в воду;Вышка, мужчины;31;—;Федерация водных видов спорта
2000;Damir Akhmetbekov;Прыжки в воду;Вышка, мужчины;41;—;Федерация водных видов спорта
2000;Irina Vyguzova;Прыжки в воду;Трамплин, женщины;9;—;Федерация водных видов спорта
2000;Nataliya Popova;Прыжки в воду;Трамплин, женщины;28;—;Федерация водных видов спорта
2000;Nataliya Chikina;Прыжки в воду;Вышка, женщины;9;—;Федерация водных видов спорта
2000;Irina Vyguzova;Прыжки в воду;Вышка, женщины;15;—;Федерация водных видов спорта
2000;Andrey Kolganov;Фехтование;Фехтование, рапира, личный зачет, мужчины;40;—;Федерация фехтования
2000;Sergey Shabalin;Фехтование;?p?e, Individual, Men;40;—;Федерация фехтования
2000;Igor Tsel;Фехтование;Sabre, Individual, Men;35;—;Федерация фехтования
2000;Nelya Sevostiyanova;Фехтование;Foil, Individual, Women;38;—;Федерация фехтования
2000;Nataliya Goncharova;Фехтование;?p?e, Individual, Women;38;—;Федерация фехтования
2000;Bazarbek Donbay;Дзюдо;Первый наилегчайший вес, мужчины;5;—;Федерация дзюдо
2000;Ivan Baglayev;Дзюдо;Второй наилегчайший вес, мужчины;9;—;Федерация дзюдо
2000;Askhat Shakharov;Дзюдо;Легкий вес, мужчины;AC;—;Федерация дзюдо
2000;Ruslan Seilkhanov;Дзюдо;Первый средний вес, мужчины;9;—;Федерация дзюдо
2000;Sergey Shakimov;Дзюдо;Средний вес, мужчины;AC;—;Федерация дзюдо
2000;Askhat Zhitkeyev;Дзюдо;Первый полутяжелый вес, мужчины;AC;—;Федерация дзюдо
2000;Vyacheslav Berduta;Дзюдо;Тяжелый вес, мужчины;13;—;Федерация дзюдо
2000;Gulnara Kusherbayeva;Дзюдо;Тяжелый вес, женщины;AC;—;Федерация дзюдо
2000;Vladimir Belonogov;Академическая гребля;Single Sculls, Men;16;—;Федерация Федерация гребли на байдарках и каноэ
2000;Vladimir Gushcha;Стрельба;Пневматический пистолет, 10 метров, мужчины;23;—;Федерация спортивной стрельбы
2000;Vladimir Vokhmyanin;Стрельба;Скорострельный пистолет, 25 метров, мужчины;12;—;Федерация спортивной стрельбы
2000;Vladimir Gushcha;Стрельба;Произвольный пистолет, 50 метров, мужчины;8;—;Федерация спортивной стрельбы
2000;Sergey Yakshin;Стрельба;Skeet, Men;7;—;Федерация спортивной стрельбы
2000;Dina Aspandiyarova;Стрельба;Пневматический пистолет, 10 метров, женщины;6;—;Федерация спортивной стрельбы
2000;Yuliya Bondareva;Стрельба;Пневматический пистолет, 10 метров, женщины;9;—;Федерация спортивной стрельбы
2000;Yuliya Bondareva;Стрельба;Спортивный пистолет, 25 метров, женщины;11;—;Федерация спортивной стрельбы
2000;Dina Aspandiyarova;Стрельба;Спортивный пистолет, 25 метров, женщины;28;—;Федерация спортивной стрельбы
2000;Olga Dovgun;Стрельба;Пневматическая винтовка, 10 метров, женщины;20;—;Федерация спортивной стрельбы
2000;Olga Dovgun;Стрельба;Малокалиберная винтовка, три положения, 50 метров, женщины;7;—;Федерация спортивной стрельбы
2000;Sergey Borisenko;Плавание;50 метров вольным стилем, мужчины;40;—;Федерация водных видов спорта
2000;Igor Sitnikov;Плавание;100 метров вольным стилем, мужчины;53;—;Федерация водных видов спорта
2000;Andrey Kvasov;Плавание;200 метров вольным стилем, мужчины;48;—;Федерация водных видов спорта
2000;Pavel Sidorov;Плавание;100 метров на спине, мужчины;52;—;Федерация водных видов спорта
2000;Aleksandr Savitsky;Плавание;100 метров брассом, мужчины;54;—;Федерация водных видов спорта
2000;Andrey Gavrilov;Плавание;100 метров баттерфляем, мужчины;49;—;Федерация водных видов спорта
2000;Grigory Matuzkov;Плавание;200 метров комплексным плаванием, мужчины;29;—;Федерация водных видов спорта
2000;Grigory Matuzkov;Плавание;400 metres Individual Medley, Men;39;—;Федерация водных видов спорта
2000;Marina Mulyayeva;Плавание;200 метров комплексным плаванием, женщины;28;—;Федерация водных видов спорта
2000;Dmitry Gaag;Триатлон;Олимпийская дистанция, мужчины;4;—;Неизвестная федерация
2000;Mikhail Kuznetsov;Триатлон;Олимпийская дистанция, мужчины;47;—;Неизвестная федерация
2000;Dmitry Lomakin;Тяжелая атлетика;Полулегкий вес, мужчины;13;—;Федерация тяжелой атлетики
2000;Sergey Filimonov;Тяжелая атлетика;Средний вес, мужчины;4;—;Федерация тяжелой атлетики
2000;Slavik Nyu;Тяжелая атлетика;Первый тяжелый вес, мужчины;12;—;Федерация тяжелой атлетики
2000;Andrey Makarov;Тяжелая атлетика;Первый тяжелый вес, мужчины;13;—;Федерация тяжелой атлетики
2000;Anatoly Khrapaty;Тяжелая атлетика;Тяжелый вес, мужчины;DNF;—;Федерация тяжелой атлетики
2000;Tatyana Khromova;Тяжелая атлетика;Тяжелый вес, женщины;DNF;—;Федерация тяжелой атлетики
2000;Rakymzhan Asembekov;Борьба;Легчайший вес, греко-римская борьба, мужчины;9;—;Федерация борьбы
2000;Yury Melnichenko;Борьба;Полулегкий вес, греко-римская борьба, мужчины;19;—;Федерация борьбы
2000;Mkhitar Manukyan;Борьба;Легкий вес, греко-римская борьба, мужчины;7;—;Федерация борьбы
2000;Bakhtiyar Bayseitov;Борьба;Средний вес, греко-римская борьба, мужчины;10;—;Федерация борьбы
2000;Sergey Matviyenko;Борьба;Тяжелый вес, греко-римская борьба, мужчины;6;—;Федерация борьбы
2000;Maulen Mamyrov;Борьба;Легчайший вес, вольная борьба, мужчины;6;—;Федерация борьбы
2000;Abil Ibragimov;Борьба;Полулегкий вес, вольная борьба, мужчины;18;—;Федерация борьбы
2000;Ruslan Veliyev;Борьба;Полусредний вес, вольная борьба, мужчины;19;—;Федерация борьбы
2000;Gennady Laliyev;Борьба;Средний вес, вольная борьба, мужчины;4;—;Федерация борьбы
2000;Magomed Kurugliyev;Борьба;Полутяжелый вес, вольная борьба, мужчины;10;—;Федерация борьбы
2000;Islam Bayramukov;Борьба;Heavyweight, Freestyle, Men;2;Серебро;Федерация борьбы
2002;Danil Anisimov;Горнолыжный спорт;Гигантский слалом, мужчины;53;—;Федерация лыжного спорта
2002;Danil Anisimov;Горнолыжный спорт;Slalom, Men;DNF;—;Федерация лыжного спорта
2002;Olesya Persidskaya;Горнолыжный спорт;Гигантский слалом, женщины;DNF;—;Федерация лыжного спорта
2002;Olesya Persidskaya;Горнолыжный спорт;Slalom, Women;34;—;Федерация лыжного спорта
2002;Dmitry Pantov;Биатлон;Спринт 10 км, мужчины;79;—;Федерация биатлона
2002;Dmitry Pantov;Биатлон;Гонка 20 км, мужчины;49;—;Федерация биатлона
2002;Yelena Dubok;Биатлон;Спринт 7.5 км, женщины;62;—;Федерация биатлона
2002;Yelena Dubok;Биатлон;Гонка 15 км, женщины;60;—;Федерация биатлона
2002;Nikolay Chebotko;Лыжные гонки;Sprint, Men;33;—;Федерация лыжных видов спорта
2002;Denis Krivushkin;Лыжные гонки;Sprint, Men;42;—;Федерация лыжных видов спорта
2002;Vladimir Bortsov;Лыжные гонки;Sprint, Men;49;—;Федерация лыжных видов спорта
2002;Maksim Odnodvortsev;Лыжные гонки;Sprint, Men;50;—;Федерация лыжных видов спорта
2002;Andrey Golovko;Лыжные гонки;15 kilometres, Men;18;—;Федерация лыжных видов спорта
2002;Denis Krivushkin;Лыжные гонки;15 kilometres, Men;37;—;Федерация лыжных видов спорта
2002;Pavel Ryabinin;Лыжные гонки;15 kilometres, Men;42;—;Федерация лыжных видов спорта
2002;Igor Zubrilin;Лыжные гонки;15 kilometres, Men;44;—;Федерация лыжных видов спорта
2002;Andrey Nevzorov;Лыжные гонки;Гонка 30 км, мужчины;18;—;Федерация лыжных видов спорта
2002;Nikolay Chebotko;Лыжные гонки;Гонка 30 км, мужчины;22;—;Федерация лыжных видов спорта
2002;Maksim Odnodvortsev;Лыжные гонки;Гонка 30 км, мужчины;37;—;Федерация лыжных видов спорта
2002;Vladimir Bortsov;Лыжные гонки;Гонка 30 км, мужчины;46;—;Федерация лыжных видов спорта
2002;Andrey Nevzorov;Лыжные гонки;Гонка 50 км, мужчины;13;—;Федерация лыжных видов спорта
2002;Andrey Golovko;Лыжные гонки;Гонка 50 км, мужчины;23;—;Федерация лыжных видов спорта
2002;Maksim Odnodvortsev;Лыжные гонки;Гонка 50 км, мужчины;34;—;Федерация лыжных видов спорта
2002;Igor Zubrilin;Лыжные гонки;Гонка 50 км, мужчины;35;—;Федерация лыжных видов спорта
2002;Andrey Nevzorov;Лыжные гонки;10/10 kilometres Pursuit, Men;15;—;Федерация лыжных видов спорта
2002;Andrey Golovko;Лыжные гонки;10/10 kilometres Pursuit, Men;21;—;Федерация лыжных видов спорта
2002;Nikolay Chebotko;Лыжные гонки;10/10 kilometres Pursuit, Men;39;—;Федерация лыжных видов спорта
2002;Denis Krivushkin;Лыжные гонки;10/10 kilometres Pursuit, Men;48;—;Федерация лыжных видов спорта
2002;Nataliya Isachenko;Лыжные гонки;Sprint, Women;51;—;Федерация лыжных видов спорта
2002;Darya Starostina;Лыжные гонки;Sprint, Women;53;—;Федерация лыжных видов спорта
2002;Svetlana Shishkina;Лыжные гонки;10 kilometres, Women;21;—;Федерация лыжных видов спорта
2002;Oksana Yatskaya;Лыжные гонки;10 kilometres, Women;24;—;Федерация лыжных видов спорта
2002;Yelena Antonova;Лыжные гонки;10 kilometres, Women;29;—;Федерация лыжных видов спорта
2002;Svetlana Deshevykh;Лыжные гонки;10 kilometres, Women;33;—;Федерация лыжных видов спорта
2002;Oksana Yatskaya;Лыжные гонки;Гонка 15 км, женщины;25;—;Федерация лыжных видов спорта
2002;Svetlana Shishkina;Лыжные гонки;Гонка 15 км, женщины;33;—;Федерация лыжных видов спорта
2002;Darya Starostina;Лыжные гонки;Гонка 15 км, женщины;45;—;Федерация лыжных видов спорта
2002;Nataliya Isachenko;Лыжные гонки;Гонка 15 км, женщины;49;—;Федерация лыжных видов спорта
2002;Svetlana Shishkina;Лыжные гонки;Гонка 30 км, женщины;16;—;Федерация лыжных видов спорта
2002;Oksana Yatskaya;Лыжные гонки;Гонка 30 км, женщины;17;—;Федерация лыжных видов спорта
2002;Yelena Antonova;Лыжные гонки;Гонка 30 км, женщины;32;—;Федерация лыжных видов спорта
2002;Svetlana Deshevykh;Лыжные гонки;Гонка 30 км, женщины;37;—;Федерация лыжных видов спорта
2002;Oksana Yatskaya;Лыжные гонки;5/5 kilometres Pursuit, Women;15;—;Федерация лыжных видов спорта
2002;Svetlana Shishkina;Лыжные гонки;5/5 kilometres Pursuit, Women;24;—;Федерация лыжных видов спорта
2002;Svetlana Deshevykh;Лыжные гонки;5/5 kilometres Pursuit, Women;43;—;Федерация лыжных видов спорта
2002;Yelena Antonova;Лыжные гонки;5/5 kilometres Pursuit, Women;47;—;Федерация лыжных видов спорта
2002;Aleksey Bannikov;Фристайл;Могул, мужчины;24;—;Федерация лыжного спорта
2002;Stanislav Filimonov;Прыжки с трамплина;Личный зачет, нормальный трамплин, мужчины;32;—;Федерация лыжных видов спорта
2002;Maksim Polunin;Прыжки с трамплина;Личный зачет, нормальный трамплин, мужчины;38;—;Федерация лыжных видов спорта
2002;Pavel Gayduk;Прыжки с трамплина;Личный зачет, нормальный трамплин, мужчины;44;—;Федерация лыжных видов спорта
2002;Aleksandr Korobov;Прыжки с трамплина;Личный зачет, нормальный трамплин, мужчины;48;—;Федерация лыжных видов спорта
2002;Stanislav Filimonov;Прыжки с трамплина;Личный зачет, большой трамплин, мужчины;30;—;Федерация лыжных видов спорта
2002;Maksim Polunin;Прыжки с трамплина;Личный зачет, большой трамплин, мужчины;48;—;Федерация лыжных видов спорта
2002;Pavel Gayduk;Прыжки с трамплина;Личный зачет, большой трамплин, мужчины;38 r1/2;—;Федерация лыжных видов спорта
2002;Aleksandr Korobov;Прыжки с трамплина;Личный зачет, большой трамплин, мужчины;46 r1/2;—;Федерация лыжных видов спорта
2002;Sergey Tsybenko;Конькобежный спорт;1000 метров, мужчины;27;—;Федерация коньковых видов спорта
2002;Sergey Tsybenko;Конькобежный спорт;1500 метров, мужчины;16;—;Федерация коньковых видов спорта
2002;Radik Bikchentayev;Конькобежный спорт;1500 метров, мужчины;19;—;Федерация коньковых видов спорта
2002;Nikolay Uliyanin;Конькобежный спорт;1500 метров, мужчины;36;—;Федерация коньковых видов спорта
2002;Vladimir Kostin;Конькобежный спорт;1500 метров, мужчины;39;—;Федерация коньковых видов спорта
2002;Radik Bikchentayev;Конькобежный спорт;5000 метров, мужчины;19;—;Федерация коньковых видов спорта
2002;Sergey Ilyushchenko;Конькобежный спорт;5000 метров, мужчины;29;—;Федерация коньковых видов спорта
2002;Vladimir Kostin;Конькобежный спорт;5000 метров, мужчины;31;—;Федерация коньковых видов спорта
2002;Lyudmila Prokashova;Конькобежный спорт;1000 метров, женщины;28;—;Федерация коньковых видов спорта
2002;Anzhelika Gavrilova;Конькобежный спорт;1,500 metres, Women;32;—;Федерация коньковых видов спорта
2002;Marina Pupina;Конькобежный спорт;1,500 metres, Women;37;—;Федерация коньковых видов спорта
2002;Lyudmila Prokashova;Конькобежный спорт;3000 метров, женщины;16;—;Федерация коньковых видов спорта
2002;Marina Pupina;Конькобежный спорт;3000 метров, женщины;27;—;Федерация коньковых видов спорта
2002;Anzhelika Gavrilova;Конькобежный спорт;3000 метров, женщины;28;—;Федерация коньковых видов спорта
2002;Lyudmila Prokashova;Конькобежный спорт;5000 метров, женщины;DNF;—;Федерация коньковых видов спорта
2004;Stanislav Zabrodsky;Стрельба из лука;Личный зачет, мужчины;18;—;Федерация стрельбы из лука, арбалета, дартса
2004;Viktoriya Beloslyudtseva;Стрельба из лука;Личный зачет, женщины;23;—;Федерация стрельбы из лука, арбалета, дартса
2004;Olga Pilipova;Стрельба из лука;Личный зачет, женщины;57;—;Федерация стрельбы из лука, арбалета, дартса
2004;Yernar Yerimbetov;Спортивная гимнастика;Многоборье, мужчины;14;—;Федерация гимнастики
2004;Yernar Yerimbetov;Спортивная гимнастика;Вольные упражнения, мужчины;13 r1/1;—;Федерация гимнастики
2004;Yernar Yerimbetov;Спортивная гимнастика;Опорный прыжок, мужчины;22 r1/1;—;Федерация гимнастики
2004;Yernar Yerimbetov;Спортивная гимнастика;Параллельные брусья, мужчины;8;—;Федерация гимнастики
2004;Yernar Yerimbetov;Спортивная гимнастика;Перекладина, мужчины;41 r1/1;—;Федерация гимнастики
2004;Yernar Yerimbetov;Спортивная гимнастика;Кольца, мужчины;55 r1/1;—;Федерация гимнастики
2004;Yernar Yerimbetov;Спортивная гимнастика;Конь, мужчины;=13 r1/1;—;Федерация гимнастики
2004;Gennady Chernovol;Легкая атлетика;100 метров, мужчины;7 h2 r2/4;—;Федерация легкой атлетики
2004;Mikhail Kolganov;Легкая атлетика;800 метров, мужчины;6 h4 r1/3;—;Федерация легкой атлетики
2004;Yevgeny Meleshchenko;Легкая атлетика;Бег с барьерами 400 м, мужчины;8 h3 r2/3;—;Федерация легкой атлетики
2004;Valery Borisov;Легкая атлетика;Спортивная ходьба 20 км, мужчины;27;—;Федерация легкой атлетики
2004;Sergey Korepanov;Легкая атлетика;Спортивная ходьба 50 км, мужчины;20;—;Федерация легкой атлетики
2004;Rustam Kuvatov;Легкая атлетика;Спортивная ходьба 50 км, мужчины;37;—;Федерация легкой атлетики
2004;Grigory Yegorov;Легкая атлетика;Прыжки с шестом, мужчины;AC r1/2;—;Федерация легкой атлетики
2004;Roman Valiyev;Легкая атлетика;Тройной прыжок, мужчины;AC r1/2;—;Федерация легкой атлетики
2004;Dmitry Karpov;Легкая атлетика;Десятиборье, мужчины;3;Бронза;Федерация легкой атлетики
2004;Viktoriya Kovyreva;Легкая атлетика;100 метров, женщины;5 h8 r1/4;—;Федерация легкой атлетики
2004;Svetlana Bodritskaya;Легкая атлетика;400 метров, женщины;6 h4 r1/3;—;Федерация легкой атлетики
2004;Tatyana Roslanova;Легкая атлетика;800 metres, Women;6 h3 r1/3;—;Федерация легкой атлетики
2004;Nataliya Torshina-Alimzhanova;Легкая атлетика;Бег с барьерами 400 м, женщины;5 h1 r2/3;—;Федерация легкой атлетики
2004;Svetlana Tolstaya;Легкая атлетика;Спортивная ходьба 20 км, женщины;28;—;Федерация легкой атлетики
2004;Yelena Kuznetsova;Легкая атлетика;Спортивная ходьба 20 км, женщины;50;—;Федерация легкой атлетики
2004;Marina Aitova;Легкая атлетика;Прыжки в высоту, женщины;=31 r1/2;—;Федерация легкой атлетики
2004;Yelena Koshcheyeva;Легкая атлетика;Прыжки в длину, женщины;11;—;Федерация легкой атлетики
2004;Tatyana Bocharova;Легкая атлетика;Тройной прыжок, женщины;25 r1/2;—;Федерация легкой атлетики
2004;Iolanta Ulyeva;Легкая атлетика;Толкание ядра, женщины;34 r1/2;—;Федерация легкой атлетики
2004;Irina Naumenko;Легкая атлетика;Семиборье, женщины;22;—;Федерация легкой атлетики
2004;Svetlana Kazanina;Легкая атлетика;Семиборье, женщины;DNF;—;Федерация легкой атлетики
2004;Mirzhan Rakhimzhanov;Бокс;Наилегчайший вес, мужчины;9;—;Федерация бокса
2004;Galib Dzhafarov;Бокс;Полулегкий вес, мужчины;5;—;Федерация бокса
2004;Serik Yeleuov;Бокс;Легкий вес, мужчины;3;Бронза;Федерация бокса
2004;Nurzhan Karimzhanov;Бокс;Первый полусредний вес, мужчины;5;—;Федерация бокса
2004;Bakhtiyar Artayev;Бокс;Полусредний вес, мужчины;1;Золото;Федерация бокса
2004;Gennady Golovkin;Бокс;Средний вес, мужчины;2;Серебро;Федерация бокса
2004;Beybut Shumenov;Бокс;Полутяжелый вес, мужчины;9;—;Федерация бокса
2004;Mukhtarkhan Dildabekov;Бокс;Супертяжелый вес, мужчины;5;—;Федерация бокса
2004;Kaysar Nurmaganbetov;Гребля на байдарках и каноэ;Каноэ-одиночка, 500 метров, мужчины;5 h1 r2/3;—;Федерация гребли на байдарках и каноэ
2004;Kaysar Nurmaganbetov;Гребля на байдарках и каноэ;Каноэ-одиночка, 1000 метров, мужчины;5 h2 r2/3;—;Федерация гребли на байдарках и каноэ
2004;Nataliya Sergeyeva;Гребля на байдарках и каноэ;Байдарка-одиночка, 500 метров, женщины;AC h1 r1/3;—;Федерация гребли на байдарках и каноэ
2004;Aleksandr Vinokurov;Шоссейный велоспорт;Групповая гонка, мужчины;32;—;Федерация велоспорта
2004;Sergey Yakovlev;Шоссейный велоспорт;Групповая гонка, мужчины;50;—;Федерация велоспорта
2004;Andrey Kashechkin;Шоссейный велоспорт;Групповая гонка, мужчины;67;—;Федерация велоспорта
2004;Andrey Mizurov;Шоссейный велоспорт;Групповая гонка, мужчины;70;—;Федерация велоспорта
2004;Maksim Iglinsky;Шоссейный велоспорт;Групповая гонка, мужчины;DNF;—;Федерация велоспорта
2004;Aleksandr Vinokurov;Шоссейный велоспорт;Индивидуальная гонка с раздельным стартом, мужчины;5;—;Федерация велоспорта
2004;Andrey Kashechkin;Шоссейный велоспорт;Индивидуальная гонка с раздельным стартом, мужчины;DNF;—;Федерация велоспорта
2004;Yury Yuda;Трековый велоспорт;Индивидуальная гонка преследования, 4000 метров, мужчины;14;—;Федерация велоспорта
2004;Aleksey Kolesov;Трековый велоспорт;Гонка по очкам, мужчины;15;—;Федерация велоспорта
2004;Bazarbek Donbay;Дзюдо;Первый наилегчайший вес, мужчины;AC;—;Федерация дзюдо
2004;Muratbek Kipshakbayev;Дзюдо;Второй наилегчайший вес, мужчины;AC;—;Федерация дзюдо
2004;Sagdat Sadykov;Дзюдо;Легкий вес, мужчины;AC;—;Федерация дзюдо
2004;Askhat Zhitkeyev;Дзюдо;Первый полутяжелый вес, мужчины;7;—;Федерация дзюдо
2004;Yeldos Ikhsangaliyev;Дзюдо;Тяжелый вес, мужчины;AC;—;Федерация дзюдо
2004;Tatyana Shishkina;Дзюдо;Первый наилегчайший вес, женщины;AC;—;Федерация дзюдо
2004;Sholpan Kaliyeva;Дзюдо;Второй наилегчайший вес, женщины;AC;—;Федерация дзюдо
2004;Varvara Masyagina;Дзюдо;Первый полутяжелый вес, женщины;AC;—;Федерация дзюдо
2004;Lada Dzhiyenbalanova;Современное пятиборье;Личный зачет, женщины;14;—;Федерация современного пятиборья
2004;Lyudmila Shumilova;Современное пятиборье;Личный зачет, женщины;30;—;Федерация современного пятиборья
2004;Aliya Yusupova;Художественная гимнастика;Личный зачет, женщины;4;—;Федерация гимнастики
2004;Vladimir Isachenko;Стрельба;Пневматический пистолет, 10 метров, мужчины;23;—;Федерация спортивной стрельбы
2004;Vladimir Isachenko;Стрельба;Произвольный пистолет, 50 метров, мужчины;6;—;Федерация спортивной стрельбы
2004;Andrey Gurov;Стрельба;Движущаяся мишень, 10 метров, мужчины;16;—;Федерация спортивной стрельбы
2004;Galina Belyayeva;Стрельба;Пневматический пистолет, 10 метров, женщины;33;—;Федерация спортивной стрельбы
2004;Galina Belyayeva;Стрельба;Спортивный пистолет, 25 метров, женщины;13;—;Федерация спортивной стрельбы
2004;Olga Dovgun;Стрельба;Пневматическая винтовка, 10 метров, женщины;12;—;Федерация спортивной стрельбы
2004;Olga Dovgun;Стрельба;Малокалиберная винтовка, три положения, 50 метров, женщины;4;—;Федерация спортивной стрельбы
2004;Oleg Shteynikov;Плавание;50 метров вольным стилем, мужчины;55;—;Федерация водных видов спорта
2004;Vyacheslav Titarenko;Плавание;100 метров вольным стилем, мужчины;51;—;Федерация водных видов спорта
2004;Vitaly Khan;Плавание;200 метров вольным стилем, мужчины;55;—;Федерация водных видов спорта
2004;Stanislav Osinsky;Плавание;100 метров на спине, мужчины;41;—;Федерация водных видов спорта
2004;Vlad Polyakov;Плавание;100 метров брассом, мужчины;5;—;Федерация водных видов спорта
2004;Vlad Polyakov;Плавание;200 метров брассом, мужчины;5;—;Федерация водных видов спорта
2004;Rustam Khudiyev;Плавание;100 метров баттерфляем, мужчины;41;—;Федерация водных видов спорта
2004;Yevgeny Ryzhkov;Плавание;200 метров комплексным плаванием, мужчины;DQ;—;Федерация водных видов спорта
2004;Yelena Skalinskaya;Плавание;50 метров вольным стилем, женщины;39;—;Федерация водных видов спорта
2004;Yelena Skalinskaya;Плавание;100 метров вольным стилем, женщины;41;—;Федерация водных видов спорта
2004;Yuliya Risik;Плавание;200 метров вольным стилем, женщины;41;—;Федерация водных видов спорта
2004;Anastasiya Prilepa;Плавание;100 метров на спине, женщины;38;—;Федерация водных видов спорта
2004;Marina Mulyayeva;Плавание;200 метров комплексным плаванием, женщины;28;—;Федерация водных видов спорта
2004;Adilkhan Sagindykov;Тхэквондо;Тяжелый вес, мужчины;5;—;Федерация тхэквондо
2004;Danylo Sapunov;Триатлон;Олимпийская дистанция, мужчины;17;—;Неизвестная федерация
2004;Dmitry Gaag;Триатлон;Олимпийская дистанция, мужчины;25;—;Неизвестная федерация
2004;Yekaterina Shatnaya;Триатлон;Олимпийская дистанция, женщины;41;—;Неизвестная федерация
2004;Sergey Filimonov;Тяжелая атлетика;Средний вес, мужчины;2;Серебро;Федерация тяжелой атлетики
2004;Bakhyt Akhmetov;Тяжелая атлетика;Первый тяжелый вес, мужчины;7;—;Федерация тяжелой атлетики
2004;Tatyana Khromova;Тяжелая атлетика;Тяжелый вес, женщины;6;—;Федерация тяжелой атлетики
2004;Nurbakyt Tengizbayev;Борьба;Полулегкий вес, греко-римская борьба, мужчины;17;—;Федерация борьбы
2004;Nurlan Koyzhaganov;Борьба;Легкий вес, греко-римская борьба, мужчины;6;—;Федерация борьбы
2004;Mkhitar Manukyan;Борьба;Полусредний вес, греко-римская борьба, мужчины;3;Бронза;Федерация борьбы
2004;Danil Khalimov;Борьба;Средний вес, греко-римская борьба, мужчины;5;—;Федерация борьбы
2004;Aset Mambetov;Борьба;Тяжелый вес, греко-римская борьба, мужчины;21;—;Федерация борьбы
2004;Georgy Tsurtsumia;Борьба;Супертяжелый вес, греко-римская борьба, мужчины;2;Серебро;Федерация борьбы
2004;Bauyrzhan Orazgaliyev;Борьба;Полулегкий вес, вольная борьба, мужчины;19;—;Федерация борьбы
2004;Leonid Spiridonov;Борьба;Полусредний вес, вольная борьба, мужчины;4;—;Федерация борьбы
2004;Gennady Laliyev;Борьба;Средний вес, вольная борьба, мужчины;2;Серебро;Федерация борьбы
2004;Magomed Kurugliyev;Борьба;Полутяжелый вес, вольная борьба, мужчины;18;—;Федерация борьбы
2004;Islam Bayramukov;Борьба;Heavyweight, Freestyle, Men;10;—;Федерация борьбы
2004;Marid Mutalimov;Борьба;Супертяжелый вес, вольная борьба, мужчины;4;—;Федерация борьбы
2006;Viktor Ryabchenko;Горнолыжный спорт;Гигантский слалом, мужчины;33;—;Федерация лыжного спорта
2006;Viktor Ryabchenko;Горнолыжный спорт;Slalom, Men;DNF;—;Федерация лыжного спорта
2006;Vera Yeremenko;Горнолыжный спорт;Гигантский слалом, женщины;36;—;Федерация лыжного спорта
2006;Vera Yeremenko;Горнолыжный спорт;Slalom, Women;47;—;Федерация лыжного спорта
2006;Aleksandr Chervyakov;Биатлон;Спринт 10 км, мужчины;56;—;Федерация биатлона
2006;Aleksandr Chervyakov;Биатлон;12.5 kilometres Pursuit, Men;53;—;Федерация биатлона
2006;Aleksandr Chervyakov;Биатлон;Гонка 20 км, мужчины;73;—;Федерация биатлона
2006;Anna Lebedeva;Биатлон;Спринт 7.5 км, женщины;52;—;Федерация биатлона
2006;Anna Lebedeva;Биатлон;10 kilometres Pursuit, Women;DNF;—;Федерация биатлона
2006;Anna Lebedeva;Биатлон;Гонка 15 км, женщины;49;—;Федерация биатлона
2006;Yevgeny Koshevoy;Лыжные гонки;Sprint, Men;14;—;Федерация лыжных видов спорта
2006;Nikolay Chebotko;Лыжные гонки;Sprint, Men;35;—;Федерация лыжных видов спорта
2006;Yevgeny Safonov;Лыжные гонки;Sprint, Men;45;—;Федерация лыжных видов спорта
2006;Sergey Cherepanov;Лыжные гонки;Sprint, Men;55;—;Федерация лыжных видов спорта
2006;Dmitry Yeryomenko;Лыжные гонки;15 kilometres, Men;30;—;Федерация лыжных видов спорта
2006;Maksim Odnodvortsev;Лыжные гонки;15 kilometres, Men;36;—;Федерация лыжных видов спорта
2006;Andrey Golovko;Лыжные гонки;15 kilometres, Men;37;—;Федерация лыжных видов спорта
2006;Aleksey Poltoranin;Лыжные гонки;15 kilometres, Men;39;—;Федерация лыжных видов спорта
2006;Maksim Odnodvortsev;Лыжные гонки;Гонка 50 км, мужчины;13;—;Федерация лыжных видов спорта
2006;Andrey Golovko;Лыжные гонки;Гонка 50 км, мужчины;29;—;Федерация лыжных видов спорта
2006;Denis Krivushkin;Лыжные гонки;Гонка 50 км, мужчины;37;—;Федерация лыжных видов спорта
2006;Andrey Kondryshev;Лыжные гонки;Гонка 50 км, мужчины;54;—;Федерация лыжных видов спорта
2006;Maksim Odnodvortsev;Лыжные гонки;30 kilometres Skiathlon, Men;9;—;Федерация лыжных видов спорта
2006;Andrey Golovko;Лыжные гонки;30 kilometres Skiathlon, Men;29;—;Федерация лыжных видов спорта
2006;Dmitry Yeryomenko;Лыжные гонки;30 kilometres Skiathlon, Men;44;—;Федерация лыжных видов спорта
2006;Andrey Kondryshev;Лыжные гонки;30 kilometres Skiathlon, Men;60;—;Федерация лыжных видов спорта
2006;Yelena Kolomina;Лыжные гонки;Sprint, Women;38;—;Федерация лыжных видов спорта
2006;Nataliya Isachenko;Лыжные гонки;Sprint, Women;45;—;Федерация лыжных видов спорта
2006;Oksana Yatskaya;Лыжные гонки;Sprint, Women;46;—;Федерация лыжных видов спорта
2006;Darya Starostina;Лыжные гонки;Sprint, Women;60;—;Федерация лыжных видов спорта
2006;Svetlana Malakhova;Лыжные гонки;10 kilometres, Women;14;—;Федерация лыжных видов спорта
2006;Yevgeniya Voloshenko;Лыжные гонки;10 kilometres, Women;40;—;Федерация лыжных видов спорта
2006;Yelena Antonova;Лыжные гонки;10 kilometres, Women;42;—;Федерация лыжных видов спорта
2006;Nataliya Isachenko;Лыжные гонки;10 kilometres, Women;61;—;Федерация лыжных видов спорта
2006;Oksana Yatskaya;Лыжные гонки;Гонка 30 км, женщины;15;—;Федерация лыжных видов спорта
2006;Yelena Kolomina;Лыжные гонки;Гонка 30 км, женщины;19;—;Федерация лыжных видов спорта
2006;Nataliya Isachenko;Лыжные гонки;Гонка 30 км, женщины;38;—;Федерация лыжных видов спорта
2006;Svetlana Malakhova;Лыжные гонки;Гонка 30 км, женщины;40;—;Федерация лыжных видов спорта
2006;Svetlana Malakhova;Лыжные гонки;15 kilometres Skiathlon, Women;12;—;Федерация лыжных видов спорта
2006;Yelena Kolomina;Лыжные гонки;15 kilometres Skiathlon, Women;25;—;Федерация лыжных видов спорта
2006;Oksana Yatskaya;Лыжные гонки;15 kilometres Skiathlon, Women;41;—;Федерация лыжных видов спорта
2006;Yevgeniya Voloshenko;Лыжные гонки;15 kilometres Skiathlon, Women;50;—;Федерация лыжных видов спорта
2006;Dmitry Reykherd;Фристайл;Могул, мужчины;33;—;Федерация лыжного спорта
2006;Darya Rybalova;Фристайл;Могул, женщины;25;—;Федерация лыжного спорта
2006;Yuliya Rodionova;Фристайл;Могул, женщины;28;—;Федерация лыжного спорта
2006;Radik Zhaparov;Прыжки с трамплина;Личный зачет, нормальный трамплин, мужчины;26;—;Федерация лыжных видов спорта
2006;Ivan Karaulov;Прыжки с трамплина;Личный зачет, нормальный трамплин, мужчины;46;—;Федерация лыжных видов спорта
2006;Aleksey Korolyov;Прыжки с трамплина;Личный зачет, нормальный трамплин, мужчины;48 r1/2;—;Федерация лыжных видов спорта
2006;Nikolay Karpenko;Прыжки с трамплина;Личный зачет, нормальный трамплин, мужчины;AC r1/2;—;Федерация лыжных видов спорта
2006;Radik Zhaparov;Прыжки с трамплина;Личный зачет, большой трамплин, мужчины;31;—;Федерация лыжных видов спорта
2006;Ivan Karaulov;Прыжки с трамплина;Личный зачет, большой трамплин, мужчины;46;—;Федерация лыжных видов спорта
2006;Nikolay Karpenko;Прыжки с трамплина;Личный зачет, большой трамплин, мужчины;48;—;Федерация лыжных видов спорта
2006;Aleksey Korolyov;Прыжки с трамплина;Личный зачет, большой трамплин, мужчины;41 r1/2;—;Федерация лыжных видов спорта
2006;Aleksandr Zhigin;Конькобежный спорт;500 метров, мужчины;34;—;Федерация коньковых видов спорта
2006;Aleksandr Zhigin;Конькобежный спорт;1000 метров, мужчины;36;—;Федерация коньковых видов спорта
2006;Aleksey Belyayev;Конькобежный спорт;1500 метров, мужчины;39;—;Федерация коньковых видов спорта
2006;Dmitry Babenko;Конькобежный спорт;5000 метров, мужчины;23;—;Федерация коньковых видов спорта
2006;Nataliya Rybakova;Конькобежный спорт;3000 метров, женщины;28;—;Федерация коньковых видов спорта
2008;Anastasiya Bannova;Стрельба из лука;Личный зачет, женщины;40;—;Федерация стрельбы из лука, арбалета, дартса
2008;Vyacheslav Muravyov;Легкая атлетика;200 metres, Men;7 h4 r1/4;—;Федерация легкой атлетики
2008;Takhir Mamashayev;Легкая атлетика;Marathon, Men;70;—;Федерация легкой атлетики
2008;Yevgeny Meleshchenko;Легкая атлетика;Бег с барьерами 400 м, мужчины;AC h4 r1/3;—;Федерация легкой атлетики
2008;Rustam Kuvatov;Легкая атлетика;Спортивная ходьба 20 км, мужчины;42;—;Федерация легкой атлетики
2008;Sergey Zasimovich;Легкая атлетика;High Jump, Men;=37 r1/2;—;Федерация легкой атлетики
2008;Roman Valiyev;Легкая атлетика;Тройной прыжок, мужчины;30 r1/2;—;Федерация легкой атлетики
2008;Dmitry Karpov;Легкая атлетика;Десятиборье, мужчины;DNF;—;Федерация легкой атлетики
2008;Olga Tereshkova;Легкая атлетика;400 метров, женщины;6 h5 r1/3;—;Федерация легкой атлетики
2008;Anastasiya Pilipenko;Легкая атлетика;100 metres Hurdles, Women;3 h5 r1/3;—;Федерация легкой атлетики
2008;Nataliya Ivoninskaya;Легкая атлетика;100 metres Hurdles, Women;6 h4 r1/3;—;Федерация легкой атлетики
2008;Tatyana Azarova;Легкая атлетика;Бег с барьерами 400 м, женщины;4 h4 r1/3;—;Федерация легкой атлетики
2008;Svetlana Tolstaya;Легкая атлетика;Спортивная ходьба 20 км, женщины;29;—;Федерация легкой атлетики
2008;Marina Aitova;Легкая атлетика;Прыжки в высоту, женщины;7;—;Федерация легкой атлетики
2008;Yekaterina Yevseyeva;Легкая атлетика;Прыжки в высоту, женщины;25 r1/2;—;Федерация легкой атлетики
2008;Olga Rypakova;Легкая атлетика;Прыжки в длину, женщины;27 r1/2;—;Федерация легкой атлетики
2008;Olga Rypakova;Легкая атлетика;Тройной прыжок, женщины;2;Серебро;Федерация легкой атлетики
2008;Yelena Parfyonova;Легкая атлетика;Тройной прыжок, женщины;25 r1/2;—;Федерация легкой атлетики
2008;Irina Litvinenko;Легкая атлетика;Тройной прыжок, женщины;30 r1/2;—;Федерация легкой атлетики
2008;Iolanta Ulyeva;Легкая атлетика;Толкание ядра, женщины;30 r1/2;—;Федерация легкой атлетики
2008;Irina Naumenko;Легкая атлетика;Семиборье, женщины;DNF;—;Федерация легкой атлетики
2008;Birzhan Zhakypov;Бокс;Light-Flyweight, Men;5;—;Федерация бокса
2008;Mirat Sarsembayev;Бокс;Наилегчайший вес, мужчины;9;—;Федерация бокса
2008;Kanat Abutalipov;Бокс;Легчайший вес, мужчины;9;—;Федерация бокса
2008;Galib Dzhafarov;Бокс;Полулегкий вес, мужчины;17;—;Федерация бокса
2008;Merey Akshalov;Бокс;Легкий вес, мужчины;9;—;Федерация бокса
2008;Serik Sapiyev;Бокс;Первый полусредний вес, мужчины;5;—;Федерация бокса
2008;Bakhyt Sarsekbayev;Бокс;Полусредний вес, мужчины;1;Золото;Федерация бокса
2008;Bakhtiyar Artayev;Бокс;Средний вес, мужчины;5;—;Федерация бокса
2008;Yerkebulan Shynaliyev;Бокс;Полутяжелый вес, мужчины;3;Бронза;Федерация бокса
2008;Ruslan Myrsatayev;Бокс;Супертяжелый вес, мужчины;5;—;Федерация бокса
2008;Yekaterina Lukichova;Гребной слалом;Байдарка-одиночка, слалом, женщины;12;—;Федерация гребли на байдарках и каноэ
2008;Dmitry Torlopov;Гребля на байдарках и каноэ;Байдарка-одиночка, 500 метров, мужчины;7 h3 r2/3;—;Федерация гребли на байдарках и каноэ
2008;Dmitry Torlopov;Гребля на байдарках и каноэ;Байдарка-одиночка, 1000 метров, мужчины;8 h1 r2/3;—;Федерация гребли на байдарках и каноэ
2008;Mikhail Yemelyanov;Гребля на байдарках и каноэ;Каноэ-одиночка, 500 метров, мужчины;8 h2 r2/3;—;Федерация гребли на байдарках и каноэ
2008;Mikhail Yemelyanov;Гребля на байдарках и каноэ;Каноэ-одиночка, 1000 метров, мужчины;8 h1 r2/3;—;Федерация гребли на байдарках и каноэ
2008;Andrey Mizurov;Шоссейный велоспорт;Групповая гонка, мужчины;43;—;Федерация велоспорта
2008;Maksim Iglinsky;Шоссейный велоспорт;Групповая гонка, мужчины;DNF;—;Федерация велоспорта
2008;Andrey Mizurov;Шоссейный велоспорт;Индивидуальная гонка с раздельным стартом, мужчины;23;—;Федерация велоспорта
2008;Zulfiya Zabirova;Шоссейный велоспорт;Road Race, Individual, Women;10;—;Федерация велоспорта
2008;Zulfiya Zabirova;Шоссейный велоспорт;Individual Time Trial, Women;9;—;Федерация велоспорта
2008;Salamat Utarbayev;Дзюдо;Первый наилегчайший вес, мужчины;21;—;Федерация дзюдо
2008;Rinat Ibragimov;Дзюдо;Легкий вес, мужчины;13;—;Федерация дзюдо
2008;Askhat Zhitkeyev;Дзюдо;Первый полутяжелый вес, мужчины;2;Серебро;Федерация дзюдо
2008;Yeldos Ikhsangaliyev;Дзюдо;Тяжелый вес, мужчины;17;—;Федерация дзюдо
2008;Kelbet Nurgazina;Дзюдо;Первый наилегчайший вес, женщины;9;—;Федерация дзюдо
2008;Sholpan Kaliyeva;Дзюдо;Второй наилегчайший вес, женщины;5;—;Федерация дзюдо
2008;Gulzat Uralbayeva;Дзюдо;Lightweight, Women;19;—;Федерация дзюдо
2008;Zhanar Zhanzunova;Дзюдо;Средний вес, женщины;20;—;Федерация дзюдо
2008;Sagat Abikeyeva;Дзюдо;Первый полутяжелый вес, женщины;9;—;Федерация дзюдо
2008;Gulzhan Isanova;Дзюдо;Тяжелый вес, женщины;9;—;Федерация дзюдо
2008;Galina Dolgushina;Современное пятиборье;Личный зачет, женщины;25;—;Федерация современного пятиборья
2008;Lada Dzhiyenbalanova;Современное пятиборье;Личный зачет, женщины;35;—;Федерация современного пятиборья
2008;Aliya Yusupova;Художественная гимнастика;Личный зачет, женщины;5;—;Федерация гимнастики
2008;Inga Dudchenko;Академическая гребля;Single Sculls, Women;18;—;Федерация Федерация гребли на байдарках и каноэ
2008;Rashid Yunusmetov;Стрельба;Пневматический пистолет, 10 метров, мужчины;19;—;Федерация спортивной стрельбы
2008;Rashid Yunusmetov;Стрельба;Произвольный пистолет, 50 метров, мужчины;16;—;Федерация спортивной стрельбы
2008;Vitaly Dovgun;Стрельба;Пневматическая винтовка, 10 метров, мужчины;38;—;Федерация спортивной стрельбы
2008;Yury Yurkov;Стрельба;Пневматическая винтовка, 10 метров, мужчины;42;—;Федерация спортивной стрельбы
2008;Yury Yurkov;Стрельба;Малокалиберная винтовка, три положения, 50 метров, мужчины;27;—;Федерация спортивной стрельбы
2008;Vitaly Dovgun;Стрельба;Малокалиберная винтовка, три положения, 50 метров, мужчины;32;—;Федерация спортивной стрельбы
2008;Vitaly Dovgun;Стрельба;Малокалиберная винтовка, лежа, 50 метров, мужчины;20;—;Федерация спортивной стрельбы
2008;Yury Yurkov;Стрельба;Малокалиберная винтовка, лежа, 50 метров, мужчины;42;—;Федерация спортивной стрельбы
2008;Zauresh Baybusinova;Стрельба;Пневматический пистолет, 10 метров, женщины;13;—;Федерация спортивной стрельбы
2008;Zauresh Baybusinova;Стрельба;Спортивный пистолет, 25 метров, женщины;31;—;Федерация спортивной стрельбы
2008;Olga Dovgun;Стрельба;Пневматическая винтовка, 10 метров, женщины;6;—;Федерация спортивной стрельбы
2008;Olga Dovgun;Стрельба;Малокалиберная винтовка, три положения, 50 метров, женщины;6;—;Федерация спортивной стрельбы
2008;Yelena Struchayeva;Стрельба;Trap, Women;6;—;Федерация спортивной стрельбы
2008;Stanislav Kuzmin;Плавание;50 метров вольным стилем, мужчины;48;—;Федерация водных видов спорта
2008;Aleksandr Sklyar;Плавание;100 метров вольным стилем, мужчины;52;—;Федерация водных видов спорта
2008;Artur Dilman;Плавание;200 метров вольным стилем, мужчины;52;—;Федерация водных видов спорта
2008;Oleg Rabota;Плавание;400 metres Freestyle, Men;36;—;Федерация водных видов спорта
2008;Stanislav Osinsky;Плавание;100 метров на спине, мужчины;42;—;Федерация водных видов спорта
2008;Oleg Rabota;Плавание;200 metres Backstroke, Men;33;—;Федерация водных видов спорта
2008;Vlad Polyakov;Плавание;100 метров брассом, мужчины;17;—;Федерация водных видов спорта
2008;Yevgeny Ryzhkov;Плавание;100 метров брассом, мужчины;35;—;Федерация водных видов спорта
2008;Vlad Polyakov;Плавание;200 метров брассом, мужчины;15;—;Федерация водных видов спорта
2008;Yevgeny Ryzhkov;Плавание;200 метров брассом, мужчины;25;—;Федерация водных видов спорта
2008;Rustam Khudiyev;Плавание;100 метров баттерфляем, мужчины;56;—;Федерация водных видов спорта
2008;Dmitry Gordiyenko;Плавание;200 метров комплексным плаванием, мужчины;37;—;Федерация водных видов спорта
2008;Dmitry Gordiyenko;Плавание;400 metres Individual Medley, Men;26;—;Федерация водных видов спорта
2008;Marina Mulyayeva;Плавание;50 метров вольным стилем, женщины;46;—;Федерация водных видов спорта
2008;Yekaterina Rudenko;Плавание;100 метров на спине, женщины;45;—;Федерация водных видов спорта
2008;Yekaterina Sadovnik;Плавание;100 metres Breaststroke, Women;34;—;Федерация водных видов спорта
2008;Marina Shumakova;Настольный теннис;Singles, Women;64;—;Федерация настольного тенниса
2008;Arman Chilmanov;Тхэквондо;Тяжелый вес, мужчины;3;Бронза;Федерация тхэквондо
2008;Liya Nurkina;Тхэквондо;Welterweight, Women;11;—;Федерация тхэквондо
2008;Danylo Sapunov;Триатлон;Олимпийская дистанция, мужчины;21;—;Неизвестная федерация
2008;Vladimir Kuznetsov;Тяжелая атлетика;Средний вес, мужчины;9;—;Федерация тяжелой атлетики
2008;Vladimir Sedov;Тяжелая атлетика;Полутяжелый вес, мужчины;DQ;—;Федерация тяжелой атлетики
2008;Ilya Ilyin;Тяжелая атлетика;Первый тяжелый вес, мужчины;DQ;—;Федерация тяжелой атлетики
2008;Bakhyt Akhmetov;Тяжелая атлетика;Тяжелый вес, мужчины;4;—;Федерация тяжелой атлетики
2008;Sergey Istomin;Тяжелая атлетика;Тяжелый вес, мужчины;6;—;Федерация тяжелой атлетики
2008;Irina Nekrasova;Тяжелая атлетика;Средний вес, женщины;DQ;—;Федерация тяжелой атлетики
2008;Alla Vazhenina;Тяжелая атлетика;Тяжелый вес, женщины;1;Золото;Федерация тяжелой атлетики
2008;Mariya Grabovetskaya;Тяжелая атлетика;Super-Heavyweight, Women;DQ;—;Федерация тяжелой атлетики
2008;Aset Imanbayev;Борьба;Полулегкий вес, греко-римская борьба, мужчины;13;—;Федерация борьбы
2008;Nurbakyt Tengizbayev;Борьба;Легкий вес, греко-римская борьба, мужчины;2;Серебро;Федерация борьбы
2008;Darkhan Bayakhmetov;Борьба;Полусредний вес, греко-римская борьба, мужчины;5;—;Федерация борьбы
2008;Roman Melyoshin;Борьба;Средний вес, греко-римская борьба, мужчины;8;—;Федерация борьбы
2008;Andrey Samokhin;Борьба;Полутяжелый вес, греко-римская борьба, мужчины;16;—;Федерация борьбы
2008;Aset Mambetov;Борьба;Тяжелый вес, греко-римская борьба, мужчины;DQ;—;Федерация борьбы
2008;Zhasulan Mukhtarbekuly;Борьба;Полулегкий вес, вольная борьба, мужчины;16;—;Федерация борьбы
2008;Bauyrzhan Orazgaliyev;Борьба;Lightweight, Freestyle, Men;11;—;Федерация борьбы
2008;Leonid Spiridonov;Борьба;Полусредний вес, вольная борьба, мужчины;5;—;Федерация борьбы
2008;Gennady Laliyev;Борьба;Полутяжелый вес, вольная борьба, мужчины;13;—;Федерация борьбы
2008;Taymuraz Tigiyev;Борьба;Heavyweight, Freestyle, Men;DQ;—;Федерация борьбы
2008;Marid Mutalimov;Борьба;Супертяжелый вес, вольная борьба, мужчины;3;Бронза;Федерация борьбы
2008;Tatyana Bakatyuk;Борьба;Flyweight, Freestyle, Women;5;—;Федерация борьбы
2008;Olga Smirnova;Борьба;Lightweight, Freestyle, Women;7;—;Федерация борьбы
2008;Yelena Shalygina;Борьба;Middleweight, Freestyle, Women;3;Бронза;Федерация борьбы
2008;Olga Zhanibekova;Борьба;Heavyweight, Freestyle, Women;13;—;Федерация борьбы
2008;Yevgeniya Ragulina;Ушу;Jianshu & Qiangshu, Women;5;—;Федерация ушу и Кунг Фу
2010;Igor Zakurdayev;Горнолыжный спорт;Скоростной спуск, мужчины;50;—;Федерация лыжного спорта
2010;Igor Zakurdayev;Горнолыжный спорт;Super G, Men;43;—;Федерация лыжного спорта
2010;Igor Zakurdayev;Горнолыжный спорт;Гигантский слалом, мужчины;51;—;Федерация лыжного спорта
2010;Igor Zakurdayev;Горнолыжный спорт;Slalom, Men;38;—;Федерация лыжного спорта
2010;Igor Zakurdayev;Горнолыжный спорт;Комбинированная гонка, мужчины;33;—;Федерация лыжного спорта
2010;Lyudmila Fedotova;Горнолыжный спорт;Скоростной спуск, женщины;36;—;Федерация лыжного спорта
2010;Lyudmila Fedotova;Горнолыжный спорт;Супергигант, женщины;38;—;Федерация лыжного спорта
2010;Lyudmila Fedotova;Горнолыжный спорт;Гигантский слалом, женщины;DNF;—;Федерация лыжного спорта
2010;Yan Savitsky;Биатлон;Спринт 10 км, мужчины;39;—;Федерация биатлона
2010;Aleksandr Chervyakov;Биатлон;Спринт 10 км, мужчины;51;—;Федерация биатлона
2010;Dias Keneshev;Биатлон;Спринт 10 км, мужчины;72;—;Федерация биатлона
2010;Nikolay Braychenko;Биатлон;Спринт 10 км, мужчины;84;—;Федерация биатлона
2010;Yan Savitsky;Биатлон;12.5 kilometres Pursuit, Men;27;—;Федерация биатлона
2010;Aleksandr Chervyakov;Биатлон;12.5 kilometres Pursuit, Men;49;—;Федерация биатлона
2010;Aleksandr Chervyakov;Биатлон;Гонка 20 км, мужчины;50;—;Федерация биатлона
2010;Yan Savitsky;Биатлон;Гонка 20 км, мужчины;64;—;Федерация биатлона
2010;Aleksandr Trifonov;Биатлон;Гонка 20 км, мужчины;69;—;Федерация биатлона
2010;Dias Keneshev;Биатлон;Гонка 20 км, мужчины;72;—;Федерация биатлона
2010;Yelena Khrustalyova;Биатлон;Спринт 7.5 км, женщины;5;—;Федерация биатлона
2010;Anna Lebedeva;Биатлон;Спринт 7.5 км, женщины;51;—;Федерация биатлона
2010;Marina Lebedeva;Биатлон;Спринт 7.5 км, женщины;57;—;Федерация биатлона
2010;Lyubov Filimonova;Биатлон;Спринт 7.5 км, женщины;66;—;Федерация биатлона
2010;Yelena Khrustalyova;Биатлон;10 kilometres Pursuit, Women;10;—;Федерация биатлона
2010;Anna Lebedeva;Биатлон;10 kilometres Pursuit, Women;43;—;Федерация биатлона
2010;Marina Lebedeva;Биатлон;10 kilometres Pursuit, Women;DNF;—;Федерация биатлона
2010;Yelena Khrustalyova;Биатлон;12.5 kilometres Mass Start, Women;26;—;Федерация биатлона
2010;Yelena Khrustalyova;Биатлон;Гонка 15 км, женщины;2;Серебро;Федерация биатлона
2010;Anna Lebedeva;Биатлон;Гонка 15 км, женщины;37;—;Федерация биатлона
2010;Lyubov Filimonova;Биатлон;Гонка 15 км, женщины;56;—;Федерация биатлона
2010;Marina Lebedeva;Биатлон;Гонка 15 км, женщины;70;—;Федерация биатлона
2010;Aleksey Poltoranin;Лыжные гонки;Sprint, Men;5;—;Федерация лыжных видов спорта
2010;Nikolay Chebotko;Лыжные гонки;Sprint, Men;13;—;Федерация лыжных видов спорта
2010;Sergey Cherepanov;Лыжные гонки;Sprint, Men;48;—;Федерация лыжных видов спорта
2010;Yevgeny Koshevoy;Лыжные гонки;Sprint, Men;52;—;Федерация лыжных видов спорта
2010;Aleksey Poltoranin;Лыжные гонки;15 kilometres, Men;14;—;Федерация лыжных видов спорта
2010;Nikolay Chebotko;Лыжные гонки;15 kilometres, Men;38;—;Федерация лыжных видов спорта
2010;Sergey Cherepanov;Лыжные гонки;15 kilometres, Men;47;—;Федерация лыжных видов спорта
2010;Yevgeny Velichko;Лыжные гонки;15 kilometres, Men;56;—;Федерация лыжных видов спорта
2010;Aleksey Poltoranin;Лыжные гонки;Гонка 50 км, мужчины;27;—;Федерация лыжных видов спорта
2010;Yevgeny Velichko;Лыжные гонки;Гонка 50 км, мужчины;39;—;Федерация лыжных видов спорта
2010;Sergey Cherepanov;Лыжные гонки;Гонка 50 км, мужчины;DNS;—;Федерация лыжных видов спорта
2010;Yevgeny Velichko;Лыжные гонки;30 kilometres Skiathlon, Men;28;—;Федерация лыжных видов спорта
2010;Sergey Cherepanov;Лыжные гонки;30 kilometres Skiathlon, Men;49;—;Федерация лыжных видов спорта
2010;Oksana Yatskaya;Лыжные гонки;Sprint, Women;32;—;Федерация лыжных видов спорта
2010;Yelena Kolomina;Лыжные гонки;Sprint, Women;36;—;Федерация лыжных видов спорта
2010;Yelena Antonova;Лыжные гонки;Sprint, Women;45;—;Федерация лыжных видов спорта
2010;Marina Matrosova;Лыжные гонки;Sprint, Women;48;—;Федерация лыжных видов спорта
2010;Svetlana Malakhova;Лыжные гонки;10 kilometres, Women;10;—;Федерация лыжных видов спорта
2010;Yelena Kolomina;Лыжные гонки;10 kilometres, Women;27;—;Федерация лыжных видов спорта
2010;Tatyana Roshchina;Лыжные гонки;10 kilometres, Women;36;—;Федерация лыжных видов спорта
2010;Oksana Yatskaya;Лыжные гонки;10 kilometres, Women;39;—;Федерация лыжных видов спорта
2010;Oksana Yatskaya;Лыжные гонки;Гонка 30 км, женщины;18;—;Федерация лыжных видов спорта
2010;Yelena Kolomina;Лыжные гонки;Гонка 30 км, женщины;33;—;Федерация лыжных видов спорта
2010;Marina Matrosova;Лыжные гонки;Гонка 30 км, женщины;34;—;Федерация лыжных видов спорта
2010;Svetlana Malakhova;Лыжные гонки;Гонка 30 км, женщины;42;—;Федерация лыжных видов спорта
2010;Svetlana Malakhova;Лыжные гонки;15 kilometres Skiathlon, Women;25;—;Федерация лыжных видов спорта
2010;Yelena Kolomina;Лыжные гонки;15 kilometres Skiathlon, Women;28;—;Федерация лыжных видов спорта
2010;Oksana Yatskaya;Лыжные гонки;15 kilometres Skiathlon, Women;33;—;Федерация лыжных видов спорта
2010;Marina Matrosova;Лыжные гонки;15 kilometres Skiathlon, Women;47;—;Федерация лыжных видов спорта
2010;Denis Ten;Фигурное катание;Одиночное катание, мужчины;11;—;Федерация фигурного катания
2010;Abzal Rakhimgaliyev;Фигурное катание;Одиночное катание, мужчины;26 r1/2;—;Федерация фигурного катания
2010;Dmitry Reykherd;Фристайл;Могул, мужчины;18;—;Федерация лыжного спорта
2010;Dmitry Barmashov;Фристайл;Могул, мужчины;29;—;Федерация лыжного спорта
2010;Yuliya Galysheva;Фристайл;Могул, женщины;11;—;Федерация лыжного спорта
2010;Darya Rybalova;Фристайл;Могул, женщины;14;—;Федерация лыжного спорта
2010;Yuliya Rodionova;Фристайл;Могул, женщины;22;—;Федерация лыжного спорта
2010;Zhibek Arapbayeva;Фристайл;Aerials, Women;23;—;Федерация лыжного спорта
2010;Aydar Bekzhanov;Шорт-трек;500 метров, мужчины;DQ;—;Федерация коньковых видов спорта
2010;Aydar Bekzhanov;Шорт-трек;1000 метров, мужчины;28;—;Федерация коньковых видов спорта
2010;Nikolay Karpenko;Прыжки с трамплина;Личный зачет, нормальный трамплин, мужчины;29;—;Федерация лыжных видов спорта
2010;Aleksey Korolyov;Прыжки с трамплина;Личный зачет, нормальный трамплин, мужчины;44;—;Федерация лыжных видов спорта
2010;Aleksey Korolyov;Прыжки с трамплина;Личный зачет, большой трамплин, мужчины;39;—;Федерация лыжных видов спорта
2010;Nikolay Karpenko;Прыжки с трамплина;Личный зачет, большой трамплин, мужчины;41 r1/2;—;Федерация лыжных видов спорта
2010;Roman Krech;Конькобежный спорт;500 метров, мужчины;34;—;Федерация коньковых видов спорта
2010;Denis Kuzin;Конькобежный спорт;1000 метров, мужчины;23;—;Федерация коньковых видов спорта
2010;Roman Krech;Конькобежный спорт;1000 метров, мужчины;28;—;Федерация коньковых видов спорта
2010;Denis Kuzin;Конькобежный спорт;1500 метров, мужчины;23;—;Федерация коньковых видов спорта
2010;Dmitry Babenko;Конькобежный спорт;5000 метров, мужчины;15;—;Федерация коньковых видов спорта
2010;Yekaterina Aydova;Конькобежный спорт;500 метров, женщины;18;—;Федерация коньковых видов спорта
2010;Yekaterina Aydova;Конькобежный спорт;1000 метров, женщины;16;—;Федерация коньковых видов спорта
2010;Yekaterina Aydova;Конькобежный спорт;1,500 metres, Women;29;—;Федерация коньковых видов спорта
2012;Denis Gankin;Стрельба из лука;Личный зачет, мужчины;17;—;Федерация стрельбы из лука, арбалета, дартса
2012;Anastasiya Bannova;Стрельба из лука;Личный зачет, женщины;33;—;Федерация стрельбы из лука, арбалета, дартса
2012;Stepan Gorbachov;Спортивная гимнастика;Многоборье, мужчины;30 r1/2;—;Федерация гимнастики
2012;Stepan Gorbachov;Спортивная гимнастика;Вольные упражнения, мужчины;55 r1/2;—;Федерация гимнастики
2012;Stepan Gorbachov;Спортивная гимнастика;Параллельные брусья, мужчины;63 r1/2;—;Федерация гимнастики
2012;Stepan Gorbachov;Спортивная гимнастика;Перекладина, мужчины;53 r1/2;—;Федерация гимнастики
2012;Stepan Gorbachov;Спортивная гимнастика;Кольца, мужчины;62 r1/2;—;Федерация гимнастики
2012;Stepan Gorbachov;Спортивная гимнастика;Конь, мужчины;37 r1/2;—;Федерация гимнастики
2012;Moldir Azimbay;Спортивная гимнастика;Многоборье, женщины;58 r1/2;—;Федерация гимнастики
2012;Moldir Azimbay;Спортивная гимнастика;Вольные упражнения, женщины;79 r1/2;—;Федерация гимнастики
2012;Moldir Azimbay;Спортивная гимнастика;Разновысокие брусья, женщины;76 r1/2;—;Федерация гимнастики
2012;Moldir Azimbay;Спортивная гимнастика;Бревно, женщины;74 r1/2;—;Федерация гимнастики
2012;Vyacheslav Muravyov;Легкая атлетика;200 metres, Men;7 h1 r1/3;—;Федерация легкой атлетики
2012;Sergey Zaykov;Легкая атлетика;400 metres, Men;7 h3 r1/3;—;Федерация легкой атлетики
2012;Viktor Leptikov;Легкая атлетика;Бег с барьерами 400 м, мужчины;8 h5 r1/3;—;Федерация легкой атлетики
2012;Artyom Kosinov;Легкая атлетика;3,000 metres Steeplechase, Men;10 h2 r1/2;—;Федерация легкой атлетики
2012;Georgy Sheyko;Легкая атлетика;Спортивная ходьба 20 км, мужчины;34;—;Федерация легкой атлетики
2012;Vitaly Anichkin;Легкая атлетика;Спортивная ходьба 50 км, мужчины;46;—;Федерация легкой атлетики
2012;Nikita Filippov;Легкая атлетика;Прыжки с шестом, мужчины;17 r1/2;—;Федерация легкой атлетики
2012;Yevgeny Ektov;Легкая атлетика;Тройной прыжок, мужчины;18 r1/2;—;Федерация легкой атлетики
2012;Roman Valiyev;Легкая атлетика;Тройной прыжок, мужчины;20 r1/2;—;Федерация легкой атлетики
2012;Dmitry Karpov;Легкая атлетика;Десятиборье, мужчины;18;—;Федерация легкой атлетики
2012;Olga Bludova;Легкая атлетика;100 метров, женщины;8 h2 r3/4;—;Федерация легкой атлетики
2012;Viktoriya Zyabkina;Легкая атлетика;200 metres, Women;7 h6 r1/3;—;Федерация легкой атлетики
2012;Marina Maslyonko;Легкая атлетика;400 метров, женщины;6 h1 r1/3;—;Федерация легкой атлетики
2012;Margarita Mukashova;Легкая атлетика;800 metres, Women;2 h3 r2/3;—;Федерация легкой атлетики
2012;Anastasiya Soprunova;Легкая атлетика;100 metres Hurdles, Women;4 h5 r1/3;—;Федерация легкой атлетики
2012;Anastasiya Pilipenko;Легкая атлетика;100 metres Hurdles, Women;5 h2 r1/3;—;Федерация легкой атлетики
2012;Nataliya Ivoninskaya;Легкая атлетика;100 metres Hurdles, Women;DQ;—;Федерация легкой атлетики
2012;Tatyana Azarova;Легкая атлетика;Бег с барьерами 400 м, женщины;6 h1 r1/3;—;Федерация легкой атлетики
2012;Ayman Kozhakhmetova;Легкая атлетика;Спортивная ходьба 20 км, женщины;39;—;Федерация легкой атлетики
2012;Sholpan Kozhakhmetova;Легкая атлетика;Спортивная ходьба 20 км, женщины;DNF;—;Федерация легкой атлетики
2012;Marina Aitova;Легкая атлетика;Прыжки в высоту, женщины;DNS;—;Федерация легкой атлетики
2012;Olga Rypakova;Легкая атлетика;Тройной прыжок, женщины;1;Золото;Федерация легкой атлетики
2012;Irina Ektova;Легкая атлетика;Тройной прыжок, женщины;31;—;Федерация легкой атлетики
2012;Aleksandra Fisher;Легкая атлетика;Толкание ядра, женщины;26;—;Федерация легкой атлетики
2012;Irina Karpova;Легкая атлетика;Семиборье, женщины;30;—;Федерация легкой атлетики
2012;Birzhan Zhakypov;Бокс;Light-Flyweight, Men;5;—;Федерация бокса
2012;Ilyas Suleymenov;Бокс;Наилегчайший вес, мужчины;9;—;Федерация бокса
2012;Kanat Abutalipov;Бокс;Легчайший вес, мужчины;9;—;Федерация бокса
2012;Gani Zhaylauov;Бокс;Легкий вес, мужчины;5;—;Федерация бокса
2012;Daniyar Yeleusinov;Бокс;Первый полусредний вес, мужчины;5;—;Федерация бокса
2012;Serik Sapiyev;Бокс;Полусредний вес, мужчины;1;Золото;Федерация бокса
2012;Danabek Suzhanov;Бокс;Средний вес, мужчины;16;—;Федерация бокса
2012;Adilbek Niyazymbetov;Бокс;Полутяжелый вес, мужчины;2;Серебро;Федерация бокса
2012;Ivan Dychko;Бокс;Супертяжелый вес, мужчины;3;Бронза;Федерация бокса
2012;Saida Khasenova;Бокс;Lightweight, Women;9;—;Федерация бокса
2012;Marina Volnova;Бокс;Средний вес, женщины;3;Бронза;Федерация бокса
2012;Rafail Vergoyazov;Гребной слалом;Каноэ-одиночка, слалом, мужчины;17;—;Федерация гребли на байдарках и каноэ
2012;Aleksandr Dyadchuk;Гребля на байдарках и каноэ;Canadian Singles, 200 metres, Men;13;—;Федерация гребли на байдарках и каноэ
2012;Aleksandr Dyadchuk;Гребля на байдарках и каноэ;Каноэ-одиночка, 1000 метров, мужчины;16;—;Федерация гребли на байдарках и каноэ
2012;Nataliya Sergeyeva;Гребля на байдарках и каноэ;Байдарка-одиночка, 200 метров, женщины;18;—;Федерация гребли на байдарках и каноэ
2012;Nataliya Sergeyeva;Гребля на байдарках и каноэ;Байдарка-одиночка, 500 метров, женщины;13;—;Федерация гребли на байдарках и каноэ
2012;Aleksandr Vinokurov;Шоссейный велоспорт;Групповая гонка, мужчины;1;Золото;Федерация велоспорта
2012;Asan Bazayev;Шоссейный велоспорт;Групповая гонка, мужчины;43;—;Федерация велоспорта
2012;Aleksandr Vinokurov;Шоссейный велоспорт;Индивидуальная гонка с раздельным стартом, мужчины;23;—;Федерация велоспорта
2012;Asan Bazayev;Шоссейный велоспорт;Индивидуальная гонка с раздельным стартом, мужчины;31;—;Федерация велоспорта
2012;Elmir Alimzhanov;Фехтование;?p?e, Individual, Men;9;—;Федерация фехтования
2012;Dmitry Aleksanin;Фехтование;?p?e, Individual, Men;17;—;Федерация фехтования
2012;Yuliya Zhivitsa;Фехтование;Sabre, Individual, Women;17;—;Федерация фехтования
2012;Yerkebulan Kosayev;Дзюдо;Первый наилегчайший вес, мужчины;9;—;Федерация дзюдо
2012;Sergey Lim;Дзюдо;Второй наилегчайший вес, мужчины;9;—;Федерация дзюдо
2012;Rinat Ibragimov;Дзюдо;Легкий вес, мужчины;16;—;Федерация дзюдо
2012;Islam Bozbayev;Дзюдо;Первый средний вес, мужчины;9;—;Федерация дзюдо
2012;Timur Bolat;Дзюдо;Средний вес, мужчины;9;—;Федерация дзюдо
2012;Maksim Rakov;Дзюдо;Первый полутяжелый вес, мужчины;17;—;Федерация дзюдо
2012;Yerzhan Shynkeyev;Дзюдо;Тяжелый вес, мужчины;17;—;Федерация дзюдо
2012;Aleksandra Podryadova;Дзюдо;Первый наилегчайший вес, женщины;9;—;Федерация дзюдо
2012;Gulzhan Isanova;Дзюдо;Тяжелый вес, женщины;7;—;Федерация дзюдо
2012;Yury Kudinov;Marathon Swimming;10 kilometres Open Water, Men;22;—;Неизвестная федерация
2012;Rustem Sabirkhuzin;Современное пятиборье;Личный зачет, мужчины;21;—;Федерация современного пятиборья
2012;Pavel Ilyashenko;Современное пятиборье;Личный зачет, мужчины;29;—;Федерация современного пятиборья
2012;Anna Alyabyeva;Художественная гимнастика;Личный зачет, женщины;15;—;Федерация гимнастики
2012;Vladislav Yakovlev;Академическая гребля;Single Sculls, Men;28;—;Федерация Федерация гребли на байдарках и каноэ
2012;Svetlana Germanovich;Академическая гребля;Single Sculls, Women;24;—;Федерация Федерация гребли на байдарках и каноэ
2012;Vyacheslav Podlesny;Стрельба;Пневматический пистолет, 10 метров, мужчины;40;—;Федерация спортивной стрельбы
2012;Vyacheslav Podlesny;Стрельба;Произвольный пистолет, 50 метров, мужчины;34;—;Федерация спортивной стрельбы
2012;Olga Dovgun;Стрельба;Пневматическая винтовка, 10 метров, женщины;22;—;Федерация спортивной стрельбы
2012;Olga Dovgun;Стрельба;Малокалиберная винтовка, три положения, 50 метров, женщины;24;—;Федерация спортивной стрельбы
2012;Angelina Michshuk;Стрельба;Skeet, Women;9;—;Федерация спортивной стрельбы
2012;Aleksandr Tarabrin;Плавание;100 метров на спине, мужчины;38;—;Федерация водных видов спорта
2012;Aleksandr Tarabrin;Плавание;200 metres Backstroke, Men;31;—;Федерация водных видов спорта
2012;Vlad Polyakov;Плавание;100 метров брассом, мужчины;34;—;Федерация водных видов спорта
2012;Yekaterina Rudenko;Плавание;100 метров на спине, женщины;38;—;Федерация водных видов спорта
2012;Nursultan Mamayev;Тхэквондо;Наилегчайший вес, мужчины;11;—;Федерация тхэквондо
2012;Gulnafis Aytmukhambetova;Тхэквондо;Welterweight, Women;11;—;Федерация тхэквондо
2012;Feruza Yergeshova;Тхэквондо;Тяжелый вес, женщины;11;—;Федерация тхэквондо
2012;Mikhail Kukushkin;Теннис;Одиночное катание, мужчины;33;—;Федерация тенниса
2012;Yaroslava Shvedova;Теннис;Singles, Women;17;—;Федерация тенниса
2012;Galina Voskoboyeva;Теннис;Singles, Women;33;—;Федерация тенниса
2012;Kirill Pavlov;Тяжелая атлетика;Средний вес, мужчины;9;—;Федерация тяжелой атлетики
2012;Ilya Ilyin;Тяжелая атлетика;Первый тяжелый вес, мужчины;DQ;—;Федерация тяжелой атлетики
2012;Almas Uteshov;Тяжелая атлетика;Первый тяжелый вес, мужчины;DQ;—;Федерация тяжелой атлетики
2012;Aleksandr Zaychikov;Тяжелая атлетика;Тяжелый вес, мужчины;10;—;Федерация тяжелой атлетики
2012;Zulfiya Chinshanlo;Тяжелая атлетика;Featherweight, Women;DQ;—;Федерация тяжелой атлетики
2012;Maiya Maneza;Тяжелая атлетика;Средний вес, женщины;DQ;—;Федерация тяжелой атлетики
2012;Anna Nurmukhambetova;Тяжелая атлетика;Light-Heavyweight, Women;2;Бронза;Федерация тяжелой атлетики
2012;Svetlana Podobedova;Тяжелая атлетика;Тяжелый вес, женщины;DQ;—;Федерация тяжелой атлетики
2012;Almat Kebispayev;Борьба;Легкий вес, греко-римская борьба, мужчины;5;—;Федерация борьбы
2012;Darkhan Bayakhmetov;Борьба;Полусредний вес, греко-римская борьба, мужчины;9;—;Федерация борьбы
2012;Askhat Dilmukhamedov;Борьба;Средний вес, греко-римская борьба, мужчины;15;—;Федерация борьбы
2012;Daniyal Gadzhiyev;Борьба;Полутяжелый вес, греко-римская борьба, мужчины;3;Бронза;Федерация борьбы
2012;Nurmakhan Tynaliyev;Борьба;Супертяжелый вес, греко-римская борьба, мужчины;18;—;Федерация борьбы
2012;Daulet Niyazbekov;Борьба;Полулегкий вес, вольная борьба, мужчины;5;—;Федерация борьбы
2012;Dauren Zhumagaziyev;Борьба;Lightweight, Freestyle, Men;12;—;Федерация борьбы
2012;Akzhurek Tanatarov;Борьба;Полусредний вес, вольная борьба, мужчины;3;Бронза;Федерация борьбы
2012;Abdulkhakim Shapiyev;Борьба;Средний вес, вольная борьба, мужчины;9;—;Федерация борьбы
2012;Yermek Bayduashov;Борьба;Полутяжелый вес, вольная борьба, мужчины;19;—;Федерация борьбы
2012;Taymuraz Tigiyev;Борьба;Heavyweight, Freestyle, Men;14;—;Федерация борьбы
2012;Daulet Shabanbay;Борьба;Супертяжелый вес, вольная борьба, мужчины;3;Бронза;Федерация борьбы
2012;Zhuldyz Eshimova;Борьба;Flyweight, Freestyle, Women;15;—;Федерация борьбы
2012;Yelena Shalygina;Борьба;Middleweight, Freestyle, Women;15;—;Федерация борьбы
2012;Gyuzel Manyurova;Борьба;Heavyweight, Freestyle, Women;3;Бронза;Федерация борьбы
2014;Igor Zakurdayev;Горнолыжный спорт;Скоростной спуск, мужчины;33;—;Федерация лыжного спорта
2014;Martin Khuber;Горнолыжный спорт;Скоростной спуск, мужчины;42;—;Федерация лыжного спорта
2014;Dmitry Koshkin;Горнолыжный спорт;Скоростной спуск, мужчины;43;—;Федерация лыжного спорта
2014;Dmitry Koshkin;Горнолыжный спорт;Super G, Men;30;—;Федерация лыжного спорта
2014;Martin Khuber;Горнолыжный спорт;Super G, Men;40;—;Федерация лыжного спорта
2014;Igor Zakurdayev;Горнолыжный спорт;Super G, Men;44;—;Федерация лыжного спорта
2014;Igor Zakurdayev;Горнолыжный спорт;Комбинированная гонка, мужчины;26;—;Федерация лыжного спорта
2014;Martin Khuber;Горнолыжный спорт;Комбинированная гонка, мужчины;33;—;Федерация лыжного спорта
2014;Yan Savitsky;Биатлон;Спринт 10 км, мужчины;42;—;Федерация биатлона
2014;Sergey Naumik;Биатлон;Спринт 10 км, мужчины;57;—;Федерация биатлона
2014;Anton Pantov;Биатлон;Спринт 10 км, мужчины;78;—;Федерация биатлона
2014;Dias Keneshev;Биатлон;Спринт 10 км, мужчины;85;—;Федерация биатлона
2014;Yan Savitsky;Биатлон;12.5 kilometres Pursuit, Men;28;—;Федерация биатлона
2014;Sergey Naumik;Биатлон;12.5 kilometres Pursuit, Men;56;—;Федерация биатлона
2014;Yan Savitsky;Биатлон;Гонка 20 км, мужчины;20;—;Федерация биатлона
2014;Anton Pantov;Биатлон;Гонка 20 км, мужчины;27;—;Федерация биатлона
2014;Sergey Naumik;Биатлон;Гонка 20 км, мужчины;74;—;Федерация биатлона
2014;Aleksandr Trifonov;Биатлон;Гонка 20 км, мужчины;83;—;Федерация биатлона
2014;Yelena Khrustalyova;Биатлон;Спринт 7.5 км, женщины;56;—;Федерация биатлона
2014;Darya Usanova;Биатлон;Спринт 7.5 км, женщины;57;—;Федерация биатлона
2014;Galina Vishnevskaya;Биатлон;Спринт 7.5 км, женщины;63;—;Федерация биатлона
2014;Marina Lebedeva;Биатлон;Спринт 7.5 км, женщины;72;—;Федерация биатлона
2014;Yelena Khrustalyova;Биатлон;10 kilometres Pursuit, Women;36;—;Федерация биатлона
2014;Darya Usanova;Биатлон;10 kilometres Pursuit, Women;40;—;Федерация биатлона
2014;Darya Usanova;Биатлон;Гонка 15 км, женщины;39;—;Федерация биатлона
2014;Galina Vishnevskaya;Биатлон;Гонка 15 км, женщины;40;—;Федерация биатлона
2014;Yelena Khrustalyova;Биатлон;Гонка 15 км, женщины;46;—;Федерация биатлона
2014;Alina Raykova;Биатлон;Гонка 15 км, женщины;63;—;Федерация биатлона
2014;Nikolay Chebotko;Лыжные гонки;Sprint, Men;25;—;Федерация лыжных видов спорта
2014;Roman Ragozin;Лыжные гонки;Sprint, Men;33;—;Федерация лыжных видов спорта
2014;Denis Volotka;Лыжные гонки;Sprint, Men;58;—;Федерация лыжных видов спорта
2014;Aleksey Poltoranin;Лыжные гонки;15 kilometres, Men;9;—;Федерация лыжных видов спорта
2014;Nikolay Chebotko;Лыжные гонки;15 kilometres, Men;33;—;Федерация лыжных видов спорта
2014;Yevgeny Velichko;Лыжные гонки;15 kilometres, Men;34;—;Федерация лыжных видов спорта
2014;Yerdos Akhmadiyev;Лыжные гонки;15 kilometres, Men;54;—;Федерация лыжных видов спорта
2014;Mark Starostin;Лыжные гонки;Гонка 50 км, мужчины;34;—;Федерация лыжных видов спорта
2014;Yerdos Akhmadiyev;Лыжные гонки;Гонка 50 км, мужчины;48;—;Федерация лыжных видов спорта
2014;Sergey Cherepanov;Лыжные гонки;Гонка 50 км, мужчины;54;—;Федерация лыжных видов спорта
2014;Yevgeny Velichko;Лыжные гонки;Гонка 50 км, мужчины;55;—;Федерация лыжных видов спорта
2014;Aleksey Poltoranin;Лыжные гонки;30 kilometres Skiathlon, Men;15;—;Федерация лыжных видов спорта
2014;Yevgeny Velichko;Лыжные гонки;30 kilometres Skiathlon, Men;31;—;Федерация лыжных видов спорта
2014;Sergey Cherepanov;Лыжные гонки;30 kilometres Skiathlon, Men;48;—;Федерация лыжных видов спорта
2014;Mark Starostin;Лыжные гонки;30 kilometres Skiathlon, Men;55;—;Федерация лыжных видов спорта
2014;Yelena Kolomina;Лыжные гонки;Sprint, Women;45;—;Федерация лыжных видов спорта
2014;Tatyana Osipova;Лыжные гонки;Sprint, Women;56;—;Федерация лыжных видов спорта
2014;Yelena Kolomina;Лыжные гонки;10 kilometres, Women;33;—;Федерация лыжных видов спорта
2014;Anastasiya Slonova;Лыжные гонки;10 kilometres, Women;43;—;Федерация лыжных видов спорта
2014;Tatyana Osipova;Лыжные гонки;10 kilometres, Women;49;—;Федерация лыжных видов спорта
2014;Yelena Kolomina;Лыжные гонки;Гонка 30 км, женщины;45;—;Федерация лыжных видов спорта
2014;Tatyana Osipova;Лыжные гонки;Гонка 30 км, женщины;48;—;Федерация лыжных видов спорта
2014;Yelena Kolomina;Лыжные гонки;15 kilometres Skiathlon, Women;38;—;Федерация лыжных видов спорта
2014;Anastasiya Slonova;Лыжные гонки;15 kilometres Skiathlon, Women;39;—;Федерация лыжных видов спорта
2014;Tatyana Osipova;Лыжные гонки;15 kilometres Skiathlon, Women;55;—;Федерация лыжных видов спорта
2014;Denis Ten;Фигурное катание;Одиночное катание, мужчины;3;Бронза;Федерация фигурного катания
2014;Abzal Rakhimgaliyev;Фигурное катание;Одиночное катание, мужчины;22;—;Федерация фигурного катания
2014;Dmitry Reykherd;Фристайл;Могул, мужчины;5;—;Федерация лыжного спорта
2014;Pasha Kolmakov;Фристайл;Могул, мужчины;10;—;Федерация лыжного спорта
2014;Dmitry Barmashov;Фристайл;Могул, мужчины;26;—;Федерация лыжного спорта
2014;Sergey Berestovsky;Фристайл;Aerials, Men;17;—;Федерация лыжного спорта
2014;Baglan Inkarbek;Фристайл;Aerials, Men;19;—;Федерация лыжного спорта
2014;Yuliya Galysheva;Фристайл;Могул, женщины;7;—;Федерация лыжного спорта
2014;Darya Rybalova;Фристайл;Могул, женщины;28;—;Федерация лыжного спорта
2014;Zhanbota Aldabergenova;Фристайл;Aerials, Women;6;—;Федерация лыжного спорта
2014;Zhibek Arapbayeva;Фристайл;Aerials, Women;19;—;Федерация лыжного спорта
2014;Yelizaveta Aksyonova;Luge;Singles, Women;28;—;Неизвестная федерация
2014;Aydar Bekzhanov;Шорт-трек;500 метров, мужчины;20;—;Федерация коньковых видов спорта
2014;Nurbergen Zhumagaziyev;Шорт-трек;500 метров, мужчины;29;—;Федерация коньковых видов спорта
2014;Aydar Bekzhanov;Шорт-трек;1500 метров, мужчины;29;—;Федерация коньковых видов спорта
2014;Denis Nikisha;Шорт-трек;1500 метров, мужчины;31;—;Федерация коньковых видов спорта
2014;Inna Simonova;Шорт-трек;500 метров, женщины;25;—;Федерация коньковых видов спорта
2014;Inna Simonova;Шорт-трек;1000 метров, женщины;21;—;Федерация коньковых видов спорта
2014;Inna Simonova;Шорт-трек;1,500 metres, Women;25;—;Федерация коньковых видов спорта
2014;Aleksey Pchelintsev;Прыжки с трамплина;Личный зачет, нормальный трамплин, мужчины;56;—;Федерация лыжных видов спорта
2014;Marat Zhaparov;Прыжки с трамплина;Личный зачет, нормальный трамплин, мужчины;59;—;Федерация лыжных видов спорта
2014;Aleksey Pchelintsev;Прыжки с трамплина;Личный зачет, большой трамплин, мужчины;56;—;Федерация лыжных видов спорта
2014;Marat Zhaparov;Прыжки с трамплина;Личный зачет, большой трамплин, мужчины;58;—;Федерация лыжных видов спорта
2014;Valeriya Tsoy;Snowboarding;Parallel Giant Slalom, Women;23;—;Неизвестная федерация
2014;Valeriya Tsoy;Snowboarding;Parallel Slalom, Women;32;—;Неизвестная федерация
2014;Roman Krech;Конькобежный спорт;500 метров, мужчины;7;—;Федерация коньковых видов спорта
2014;Denis Kuzin;Конькобежный спорт;1000 метров, мужчины;7;—;Федерация коньковых видов спорта
2014;Roman Krech;Конькобежный спорт;1000 метров, мужчины;13;—;Федерация коньковых видов спорта
2014;Fyodor Mezentsev;Конькобежный спорт;1000 метров, мужчины;33;—;Федерация коньковых видов спорта
2014;Denis Kuzin;Конькобежный спорт;1500 метров, мужчины;9;—;Федерация коньковых видов спорта
2014;Dmitry Babenko;Конькобежный спорт;1500 метров, мужчины;30;—;Федерация коньковых видов спорта
2014;Aleksandr Zhigin;Конькобежный спорт;1500 метров, мужчины;34;—;Федерация коньковых видов спорта
2014;Fyodor Mezentsev;Конькобежный спорт;1500 метров, мужчины;35;—;Федерация коньковых видов спорта
2014;Dmitry Babenko;Конькобежный спорт;5000 метров, мужчины;15;—;Федерация коньковых видов спорта
2014;Dmitry Babenko;Конькобежный спорт;10000 метров, мужчины;12;—;Федерация коньковых видов спорта
2014;Yekaterina Aydova;Конькобежный спорт;500 метров, женщины;22;—;Федерация коньковых видов спорта
2014;Yekaterina Aydova;Конькобежный спорт;1000 метров, женщины;19;—;Федерация коньковых видов спорта
2014;Yekaterina Aydova;Конькобежный спорт;1,500 metres, Women;28;—;Федерация коньковых видов спорта
2016;Sultan Duzelbayev;Стрельба из лука;Личный зачет, мужчины;17;—;Федерация стрельбы из лука, арбалета, дартса
2016;Luiza Saidiyeva;Стрельба из лука;Личный зачет, женщины;33;—;Федерация стрельбы из лука, арбалета, дартса
2016;Mikhail Krasilov;Легкая атлетика;Marathon, Men;100;—;Федерация легкой атлетики
2016;Dmitry Koblov;Легкая атлетика;Бег с барьерами 400 м, мужчины;6 h3 r1/3;—;Федерация легкой атлетики
2016;Georgy Sheyko;Легкая атлетика;Спортивная ходьба 20 км, мужчины;34;—;Федерация легкой атлетики
2016;Roman Valiyev;Легкая атлетика;Тройной прыжок, мужчины;AC r1/2;—;Федерация легкой атлетики
2016;Ivan Ivanov;Легкая атлетика;Толкание ядра, мужчины;33 r1/2;—;Федерация легкой атлетики
2016;Yevgeny Labutov;Легкая атлетика;Discus Throw, Men;31 r1/2;—;Федерация легкой атлетики
2016;Viktoriya Zyabkina;Легкая атлетика;100 метров, женщины;5 h6 r2/4;—;Федерация легкой атлетики
2016;Olga Safronova;Легкая атлетика;100 метров, женщины;5 h7 r2/4;—;Федерация легкой атлетики
2016;Rima Kashafutdinova;Легкая атлетика;100 метров, женщины;7 h1 r2/4;—;Федерация легкой атлетики
2016;Olga Safronova;Легкая атлетика;200 metres, Women;4 h9 r1/3;—;Федерация легкой атлетики
2016;Viktoriya Zyabkina;Легкая атлетика;200 metres, Women;7 h6 r1/3;—;Федерация легкой атлетики
2016;Elina Mikhina;Легкая атлетика;400 метров, женщины;6 h7 r1/3;—;Федерация легкой атлетики
2016;Anastasiya Kudinova;Легкая атлетика;400 метров, женщины;DQ;—;Федерация легкой атлетики
2016;Margarita Mukashova;Легкая атлетика;800 metres, Women;5 h2 r1/3;—;Федерация легкой атлетики
2016;Irina Smolnikova;Легкая атлетика;Marathon, Women;122;—;Федерация легкой атлетики
2016;Gulzhanat Zhanatbek;Легкая атлетика;Marathon, Women;DNF;—;Федерация легкой атлетики
2016;Anastasiya Pilipenko;Легкая атлетика;100 metres Hurdles, Women;8 h3 r1/3;—;Федерация легкой атлетики
2016;Aleksandra Romanova;Легкая атлетика;Бег с барьерами 400 м, женщины;8 h6 r1/3;—;Федерация легкой атлетики
2016;Diana Aydosova;Легкая атлетика;Спортивная ходьба 20 км, женщины;62;—;Федерация легкой атлетики
2016;Polina Repina;Легкая атлетика;Спортивная ходьба 20 км, женщины;DQ;—;Федерация легкой атлетики
2016;Olga Rypakova;Легкая атлетика;Тройной прыжок, женщины;3;Бронза;Федерация легкой атлетики
2016;Yekaterina Ektova;Легкая атлетика;Тройной прыжок, женщины;29 r1/2;—;Федерация легкой атлетики
2016;Irina Ektova;Легкая атлетика;Тройной прыжок, женщины;33 r1/2;—;Федерация легкой атлетики
2016;Mariya Telushkina;Легкая атлетика;Discus Throw, Women;32 r1/2;—;Федерация легкой атлетики
2016;Birzhan Zhakypov;Бокс;Light-Flyweight, Men;5;—;Федерация бокса
2016;Olzhas Sattybayev;Бокс;Наилегчайший вес, мужчины;9;—;Федерация бокса
2016;Kayrat Yeraliyev;Бокс;Легчайший вес, мужчины;9;—;Федерация бокса
2016;Berik Abdrakhmanov;Бокс;Легкий вес, мужчины;17;—;Федерация бокса
2016;Ablaykhan Zhusupov;Бокс;Первый полусредний вес, мужчины;17;—;Федерация бокса
2016;Daniyar Yeleusinov;Бокс;Полусредний вес, мужчины;1;Золото;Федерация бокса
2016;Zhanibek Alimkhanuly;Бокс;Средний вес, мужчины;5;—;Федерация бокса
2016;Adilbek Niyazymbetov;Бокс;Полутяжелый вес, мужчины;2;Серебро;Федерация бокса
2016;Vasily Levit;Бокс;Тяжелый вес, мужчины;2;Серебро;Федерация бокса
2016;Ivan Dychko;Бокс;Супертяжелый вес, мужчины;3;Бронза;Федерация бокса
2016;Zhayna Shekerbekova;Бокс;Flyweight, Women;5;—;Федерация бокса
2016;Dariga Shakimova;Бокс;Средний вес, женщины;3;Бронза;Федерация бокса
2016;Yekaterina Smirnova;Гребной слалом;Байдарка-одиночка, слалом, женщины;19;—;Федерация гребли на байдарках и каноэ
2016;Aleksey Dergunov;Гребля на байдарках и каноэ;Kayak Singles, 200 metres, Men;21;—;Федерация гребли на байдарках и каноэ
2016;Ilya Golendov;Гребля на байдарках и каноэ;Байдарка-одиночка, 1000 метров, мужчины;18;—;Федерация гребли на байдарках и каноэ
2016;Timur Khaydarov;Гребля на байдарках и каноэ;Canadian Singles, 200 metres, Men;14;—;Федерация гребли на байдарках и каноэ
2016;Timur Khaydarov;Гребля на байдарках и каноэ;Каноэ-одиночка, 1000 метров, мужчины;18;—;Федерация гребли на байдарках и каноэ
2016;Inna Klinova;Гребля на байдарках и каноэ;Байдарка-одиночка, 200 метров, женщины;8;—;Федерация гребли на байдарках и каноэ
2016;Zoya Ananchenko;Гребля на байдарках и каноэ;Байдарка-одиночка, 500 метров, женщины;19;—;Федерация гребли на байдарках и каноэ
2016;Andrey Zeyts;Шоссейный велоспорт;Групповая гонка, мужчины;8;—;Федерация велоспорта
2016;Bakhtiyar Kozhatayev;Шоссейный велоспорт;Групповая гонка, мужчины;61;—;Федерация велоспорта
2016;Andrey Zeyts;Шоссейный велоспорт;Индивидуальная гонка с раздельным стартом, мужчины;24;—;Федерация велоспорта
2016;Artyom Zakharov;Трековый велоспорт;Omnium, Men;10;—;Федерация велоспорта
2016;Ilya Mokretsov;Фехтование;Sabre, Individual, Men;24;—;Федерация фехтования
2016;Yeldos Smetov;Дзюдо;Первый наилегчайший вес, мужчины;2;Серебро;Федерация дзюдо
2016;Zhansay Smagulov;Дзюдо;Второй наилегчайший вес, мужчины;17;—;Федерация дзюдо
2016;Didar Khamza;Дзюдо;Легкий вес, мужчины;17;—;Федерация дзюдо
2016;Maksim Rakov;Дзюдо;Первый полутяжелый вес, мужчины;9;—;Федерация дзюдо
2016;Otgontsetseg Galbadrakhyn;Дзюдо;Первый наилегчайший вес, женщины;3;Бронза;Федерация дзюдо
2016;Marian Urdabayeva;Дзюдо;Первый средний вес, женщины;17;—;Федерация дзюдо
2016;Vitaly Khudyakov;Marathon Swimming;10 kilometres Open Water, Men;DQ;—;Неизвестная федерация
2016;Pavel Ilyashenko;Современное пятиборье;Личный зачет, мужчины;35;—;Федерация современного пятиборья
2016;Yelena Potapenko;Современное пятиборье;Личный зачет, женщины;9;—;Федерация современного пятиборья
2016;Sabina Ashirbayeva;Художественная гимнастика;Личный зачет, женщины;12;—;Федерация гимнастики
2016;Vladislav Yakovlev;Академическая гребля;Single Sculls, Men;31;—;Федерация Федерация гребли на байдарках и каноэ
2016;Svetlana Germanovich;Академическая гребля;Single Sculls, Women;26;—;Федерация Федерация гребли на байдарках и каноэ
2016;Vladimir Isachenko;Стрельба;Пневматический пистолет, 10 метров, мужчины;23;—;Федерация спортивной стрельбы
2016;Rashid Yunusmetov;Стрельба;Пневматический пистолет, 10 метров, мужчины;40;—;Федерация спортивной стрельбы
2016;Rashid Yunusmetov;Стрельба;Произвольный пистолет, 50 метров, мужчины;13;—;Федерация спортивной стрельбы
2016;Vladimir Isachenko;Стрельба;Произвольный пистолет, 50 метров, мужчины;36;—;Федерация спортивной стрельбы
2016;Yury Yurkov;Стрельба;Пневматическая винтовка, 10 метров, мужчины;44;—;Федерация спортивной стрельбы
2016;Yury Yurkov;Стрельба;Малокалиберная винтовка, три положения, 50 метров, мужчины;29;—;Федерация спортивной стрельбы
2016;Yury Yurkov;Стрельба;Малокалиберная винтовка, лежа, 50 метров, мужчины;25;—;Федерация спортивной стрельбы
2016;Yelizaveta Korol;Стрельба;Пневматическая винтовка, 10 метров, женщины;37;—;Федерация спортивной стрельбы
2016;Yelizaveta Korol;Стрельба;Малокалиберная винтовка, три положения, 50 метров, женщины;26;—;Федерация спортивной стрельбы
2016;Mariya Dmitriyenko;Стрельба;Trap, Women;8;—;Федерация спортивной стрельбы
2016;Dmitry Balandin;Плавание;100 метров брассом, мужчины;8;—;Федерация водных видов спорта
2016;Dmitry Balandin;Плавание;200 метров брассом, мужчины;1;Золото;Федерация водных видов спорта
2016;Yekaterina Rudenko;Плавание;100 метров на спине, женщины;20;—;Федерация водных видов спорта
2016;Kirill Gerasimenko;Настольный теннис;Одиночное катание, мужчины;49;—;Федерация настольного тенниса
2016;Ruslan Zhaparov;Тхэквондо;Тяжелый вес, мужчины;7;—;Федерация тхэквондо
2016;Aynur Yesbergenova;Тхэквондо;Flyweight, Women;11;—;Федерация тхэквондо
2016;Zhansel Deniz;Тхэквондо;Welterweight, Women;11;—;Федерация тхэквондо
2016;Yaroslava Shvedova;Теннис;Singles, Women;33;—;Федерация тенниса
2016;Pirmammad Aliyev;Trampolining;Личный зачет, мужчины;12 r1/2;—;Неизвестная федерация
2016;Arli Chontey;Тяжелая атлетика;Легчайший вес, мужчины;4;—;Федерация тяжелой атлетики
2016;Farkhad Kharki;Тяжелая атлетика;Полулегкий вес, мужчины;3;Бронза;Федерация тяжелой атлетики
2016;Nidzhat Rakhimov;Тяжелая атлетика;Средний вес, мужчины;DQ;—;Федерация тяжелой атлетики
2016;Denis Ulanov;Тяжелая атлетика;Полутяжелый вес, мужчины;3;Бронза;Федерация тяжелой атлетики
2016;Aleksandr Zaychikov;Тяжелая атлетика;Тяжелый вес, мужчины;3;Бронза;Федерация тяжелой атлетики
2016;Margarita Yeliseyeva;Тяжелая атлетика;Flyweight, Women;5;—;Федерация тяжелой атлетики
2016;Karina Goricheva;Тяжелая атлетика;Средний вес, женщины;3;Бронза;Федерация тяжелой атлетики
2016;Zhazira Zhapparkul;Тяжелая атлетика;Light-Heavyweight, Women;2;Серебро;Федерация тяжелой атлетики
2016;Almat Kebispayev;Борьба;Полулегкий вес, греко-римская борьба, мужчины;7;—;Федерация борьбы
2016;Doszhan Kartikov;Борьба;Средний вес, греко-римская борьба, мужчины;10;—;Федерация борьбы
2016;Nurmakhan Tynaliyev;Борьба;Супертяжелый вес, греко-римская борьба, мужчины;14;—;Федерация борьбы
2016;Nurislam Sanayev;Борьба;Полулегкий вес, вольная борьба, мужчины;12;—;Федерация борьбы
2016;Galymzhan Userbayev;Борьба;Средний вес, вольная борьба, мужчины;5;—;Федерация борьбы
2016;Aslan Kakhidze;Борьба;Полутяжелый вес, вольная борьба, мужчины;12;—;Федерация борьбы
2016;Mamed Ibragimov;Борьба;Heavyweight, Freestyle, Men;8;—;Федерация борьбы
2016;Daulet Shabanbay;Борьба;Супертяжелый вес, вольная борьба, мужчины;17;—;Федерация борьбы
2016;Zhuldyz Eshimova;Борьба;Flyweight, Freestyle, Women;5;—;Федерация борьбы
2016;Yekaterina Larionova;Борьба;Middleweight, Freestyle, Women;3;Бронза;Федерация борьбы
2016;Elmira Syzdykova;Борьба;Light-Heavyweight, Freestyle, Women;3;Бронза;Федерация борьбы
2016;Gyuzel Manyurova;Борьба;Heavyweight, Freestyle, Women;2;Серебро;Федерация борьбы
2018;Igor Zakurdayev;Горнолыжный спорт;Скоростной спуск, мужчины;39;—;Федерация лыжного спорта
2018;Igor Zakurdayev;Горнолыжный спорт;Super G, Men;41;—;Федерация лыжного спорта
2018;Igor Zakurdayev;Горнолыжный спорт;Гигантский слалом, мужчины;51;—;Федерация лыжного спорта
2018;Igor Zakurdayev;Горнолыжный спорт;Slalom, Men;DNF;—;Федерация лыжного спорта
2018;Igor Zakurdayev;Горнолыжный спорт;Комбинированная гонка, мужчины;31;—;Федерация лыжного спорта
2018;Mariya Grigorova;Горнолыжный спорт;Гигантский слалом, женщины;51;—;Федерация лыжного спорта
2018;Mariya Grigorova;Горнолыжный спорт;Slalom, Women;51;—;Федерация лыжного спорта
2018;Roman Yeryomin;Биатлон;Спринт 10 км, мужчины;43;—;Федерация биатлона
2018;Vladislav Vitenko;Биатлон;Спринт 10 км, мужчины;79;—;Федерация биатлона
2018;Vasily Podkorytov;Биатлон;Спринт 10 км, мужчины;80;—;Федерация биатлона
2018;Maksim Braun;Биатлон;Спринт 10 км, мужчины;85;—;Федерация биатлона
2018;Roman Yeryomin;Биатлон;12.5 kilometres Pursuit, Men;52;—;Федерация биатлона
2018;Maksim Braun;Биатлон;Гонка 20 км, мужчины;61;—;Федерация биатлона
2018;Vasily Podkorytov;Биатлон;Гонка 20 км, мужчины;62;—;Федерация биатлона
2018;Timur Khamitgatin;Биатлон;Гонка 20 км, мужчины;72;—;Федерация биатлона
2018;Vladislav Vitenko;Биатлон;Гонка 20 км, мужчины;83;—;Федерация биатлона
2018;Galina Vishnevskaya;Биатлон;Спринт 7.5 км, женщины;30;—;Федерация биатлона
2018;Darya Klimina;Биатлон;Спринт 7.5 км, женщины;58;—;Федерация биатлона
2018;Olga Poltoranina;Биатлон;Спринт 7.5 км, женщины;63;—;Федерация биатлона
2018;Alina Raykova;Биатлон;Спринт 7.5 км, женщины;71;—;Федерация биатлона
2018;Galina Vishnevskaya;Биатлон;10 kilometres Pursuit, Women;20;—;Федерация биатлона
2018;Darya Klimina;Биатлон;10 kilometres Pursuit, Women;57;—;Федерация биатлона
2018;Galina Vishnevskaya;Биатлон;Гонка 15 км, женщины;45;—;Федерация биатлона
2018;Olga Poltoranina;Биатлон;Гонка 15 км, женщины;46;—;Федерация биатлона
2018;Alina Raykova;Биатлон;Гонка 15 км, женщины;47;—;Федерация биатлона
2018;Darya Klimina;Биатлон;Гонка 15 км, женщины;51;—;Федерация биатлона
2018;Denis Volotka;Лыжные гонки;Sprint, Men;49;—;Федерация лыжных видов спорта
2018;Aleksey Poltoranin;Лыжные гонки;Sprint, Men;DQ;—;Федерация лыжных видов спорта
2018;Vitaly Pukhkalo;Лыжные гонки;15 kilometres, Men;51;—;Федерация лыжных видов спорта
2018;Yevgeny Velichko;Лыжные гонки;15 kilometres, Men;57;—;Федерация лыжных видов спорта
2018;Denis Volotka;Лыжные гонки;15 kilometres, Men;60;—;Федерация лыжных видов спорта
2018;Denis Volotka;Лыжные гонки;Гонка 50 км, мужчины;DNS;—;Федерация лыжных видов спорта
2018;Yevgeny Velichko;Лыжные гонки;Гонка 50 км, мужчины;35;—;Федерация лыжных видов спорта
2018;Vitaly Pukhkalo;Лыжные гонки;Гонка 50 км, мужчины;48;—;Федерация лыжных видов спорта
2018;Aleksey Poltoranin;Лыжные гонки;Гонка 50 км, мужчины;DQ;—;Федерация лыжных видов спорта
2018;Vitaly Pukhkalo;Лыжные гонки;30 kilometres Skiathlon, Men;32;—;Федерация лыжных видов спорта
2018;Yevgeny Velichko;Лыжные гонки;30 kilometres Skiathlon, Men;41;—;Федерация лыжных видов спорта
2018;Anna Shevchenko;Лыжные гонки;Sprint, Women;29;—;Федерация лыжных видов спорта
2018;Yelena Kolomina;Лыжные гонки;Sprint, Women;55;—;Федерация лыжных видов спорта
2018;Valeriya Tyuleneva;Лыжные гонки;Sprint, Women;60;—;Федерация лыжных видов спорта
2018;Valeriya Tyuleneva;Лыжные гонки;10 kilometres, Women;47;—;Федерация лыжных видов спорта
2018;Anna Shevchenko;Лыжные гонки;10 kilometres, Women;56;—;Федерация лыжных видов спорта
2018;Yelena Kolomina;Лыжные гонки;10 kilometres, Women;63;—;Федерация лыжных видов спорта
2018;Anna Shevchenko;Лыжные гонки;Гонка 30 км, женщины;31;—;Федерация лыжных видов спорта
2018;Valeriya Tyuleneva;Лыжные гонки;Гонка 30 км, женщины;32;—;Федерация лыжных видов спорта
2018;Yelena Kolomina;Лыжные гонки;Гонка 30 км, женщины;33;—;Федерация лыжных видов спорта
2018;Anna Shevchenko;Лыжные гонки;15 kilometres Skiathlon, Women;36;—;Федерация лыжных видов спорта
2018;Yelena Kolomina;Лыжные гонки;15 kilometres Skiathlon, Women;54;—;Федерация лыжных видов спорта
2018;Valeriya Tyuleneva;Лыжные гонки;15 kilometres Skiathlon, Women;DNF;—;Федерация лыжных видов спорта
2018;Denis Ten;Фигурное катание;Одиночное катание, мужчины;27 r1/2;—;Федерация фигурного катания
2018;Elizabet Tursynbaeva;Фигурное катание;Singles, Women;12;—;Федерация фигурного катания
2018;Ayza Mambekova;Фигурное катание;Singles, Women;30 r1/2;—;Федерация фигурного катания
2018;Pasha Kolmakov;Фристайл;Могул, мужчины;7;—;Федерация лыжного спорта
2018;Dmitry Reykherd;Фристайл;Могул, мужчины;8;—;Федерация лыжного спорта
2018;Ildar Badrutdinov;Фристайл;Aerials, Men;21;—;Федерация лыжного спорта
2018;Yuliya Galysheva;Фристайл;Могул, женщины;3;Бронза;Федерация лыжного спорта
2018;Ayaulym Amrenova;Фристайл;Могул, женщины;27;—;Федерация лыжного спорта
2018;Zhanbota Aldabergenova;Фристайл;Aerials, Women;13;—;Федерация лыжного спорта
2018;Marzhan Akzhigit;Фристайл;Aerials, Women;18;—;Федерация лыжного спорта
2018;Akmarzhan Kalmurzayeva;Фристайл;Aerials, Women;22;—;Федерация лыжного спорта
2018;Ayana Zholdas;Фристайл;Aerials, Women;24;—;Федерация лыжного спорта
2018;Nikita Kopyrenko;Luge;Одиночное катание, мужчины;36;—;Неизвестная федерация
2018;Abzal Azhgaliyev;Шорт-трек;500 метров, мужчины;9;—;Федерация коньковых видов спорта
2018;Denis Nikisha;Шорт-трек;500 метров, мужчины;13;—;Федерация коньковых видов спорта
2018;Nurbergen Zhumagaziyev;Шорт-трек;500 метров, мужчины;18;—;Федерация коньковых видов спорта
2018;Nurbergen Zhumagaziyev;Шорт-трек;1000 метров, мужчины;25;—;Федерация коньковых видов спорта
2018;Denis Nikisha;Шорт-трек;1500 метров, мужчины;24;—;Федерация коньковых видов спорта
2018;Nurbergen Zhumagaziyev;Шорт-трек;1500 метров, мужчины;DNF;—;Федерация коньковых видов спорта
2018;Anastassiya Krestova;Шорт-трек;500 метров, женщины;26;—;Федерация коньковых видов спорта
2018;Iong A Kim;Шорт-трек;1000 метров, женщины;19;—;Федерация коньковых видов спорта
2018;Anastassiya Krestova;Шорт-трек;1000 метров, женщины;21;—;Федерация коньковых видов спорта
2018;Iong A Kim;Шорт-трек;1,500 metres, Women;22;—;Федерация коньковых видов спорта
2018;Anastassiya Krestova;Шорт-трек;1,500 metres, Women;DQ;—;Федерация коньковых видов спорта
2018;Sergey Tkachenko;Прыжки с трамплина;Личный зачет, нормальный трамплин, мужчины;51;—;Федерация лыжных видов спорта
2018;Sergey Tkachenko;Прыжки с трамплина;Личный зачет, большой трамплин, мужчины;49;—;Федерация лыжных видов спорта
2018;Stanislav Palkin;Конькобежный спорт;500 метров, мужчины;24;—;Федерация коньковых видов спорта
2018;Artyom Krikunov;Конькобежный спорт;500 метров, мужчины;25;—;Федерация коньковых видов спорта
2018;Roman Krech;Конькобежный спорт;500 метров, мужчины;35;—;Федерация коньковых видов спорта
2018;Denis Kuzin;Конькобежный спорт;1000 метров, мужчины;27;—;Федерация коньковых видов спорта
2018;Stanislav Palkin;Конькобежный спорт;1000 метров, мужчины;29;—;Федерация коньковых видов спорта
2018;Fyodor Mezentsev;Конькобежный спорт;1000 метров, мужчины;33;—;Федерация коньковых видов спорта
2018;Fyodor Mezentsev;Конькобежный спорт;1500 метров, мужчины;28;—;Федерация коньковых видов спорта
2018;Denis Kuzin;Конькобежный спорт;1500 метров, мужчины;30;—;Федерация коньковых видов спорта
2018;Fyodor Mezentsev;Конькобежный спорт;Mass Start, Men;11 h1 r1/2;—;Федерация коньковых видов спорта
2018;Yekaterina Aydova;Конькобежный спорт;500 метров, женщины;21;—;Федерация коньковых видов спорта
2018;Yekaterina Aydova;Конькобежный спорт;1000 метров, женщины;24;—;Федерация коньковых видов спорта
2018;Yekaterina Aydova;Конькобежный спорт;1,500 metres, Women;18;—;Федерация коньковых видов спорта
2020;Ilfat Abdullin;Стрельба из лука;Личный зачет, мужчины;9;—;Федерация стрельбы из лука, арбалета, дартса
2020;Denis Gankin;Стрельба из лука;Личный зачет, мужчины;17;—;Федерация стрельбы из лука, арбалета, дартса
2020;Sanzhar Musayev;Стрельба из лука;Личный зачет, мужчины;33;—;Федерация стрельбы из лука, арбалета, дартса
2020;Milad Karimi;Спортивная гимнастика;Многоборье, мужчины;14;—;Федерация гимнастики
2020;Milad Karimi;Спортивная гимнастика;Вольные упражнения, мужчины;5;—;Федерация гимнастики
2020;Milad Karimi;Спортивная гимнастика;Опорный прыжок, мужчины;17 r1/2;—;Федерация гимнастики
2020;Milad Karimi;Спортивная гимнастика;Параллельные брусья, мужчины;57 r1/2;—;Федерация гимнастики
2020;Milad Karimi;Спортивная гимнастика;Перекладина, мужчины;8;—;Федерация гимнастики
2020;Milad Karimi;Спортивная гимнастика;Кольца, мужчины;49 r1/2;—;Федерация гимнастики
2020;Milad Karimi;Спортивная гимнастика;Конь, мужчины;68 r1/2;—;Федерация гимнастики
2020;Mikhail Litvin;Легкая атлетика;400 metres, Men;7 h5 r1/3;—;Федерация легкой атлетики
2020;Georgy Sheyko;Легкая атлетика;Спортивная ходьба 20 км, мужчины;39;—;Федерация легкой атлетики
2020;Olga Safronova;Легкая атлетика;200 metres, Women;6 h1 r1/3;—;Федерация легкой атлетики
2020;Zhanna Mamazhanova;Легкая атлетика;Marathon, Women;46;—;Федерация легкой атлетики
2020;Ayman Ratova;Легкая атлетика;Спортивная ходьба 20 км, женщины;42;—;Федерация легкой атлетики
2020;Nadezhda Dubovitskaya;Легкая атлетика;Прыжки в высоту, женщины;28 r1/2;—;Федерация легкой атлетики
2020;Kristina Ovchinnikova;Легкая атлетика;Прыжки в высоту, женщины;29 r1/2;—;Федерация легкой атлетики
2020;Olga Rypakova;Легкая атлетика;Тройной прыжок, женщины;24 r1/2;—;Федерация легкой атлетики
2020;Mariya Ovchinnikova;Легкая атлетика;Тройной прыжок, женщины;26 r1/2;—;Федерация легкой атлетики
2020;Irina Ektova;Легкая атлетика;Тройной прыжок, женщины;31 r1/2;—;Федерация легкой атлетики
2020;Saken Bibosinov;Бокс;Наилегчайший вес, мужчины;3;Бронза;Федерация бокса
2020;Serik Temirzhanov;Бокс;Полулегкий вес, мужчины;9;—;Федерация бокса
2020;Zakir Safiullin;Бокс;Легкий вес, мужчины;5;—;Федерация бокса
2020;Ablaykhan Zhusupov;Бокс;Полусредний вес, мужчины;9;—;Федерация бокса
2020;Abilkhan Amankul;Бокс;Средний вес, мужчины;5;—;Федерация бокса
2020;Bekzad Nurdauletov;Бокс;Полутяжелый вес, мужчины;9;—;Федерация бокса
2020;Vasily Levit;Бокс;Тяжелый вес, мужчины;9;—;Федерация бокса
2020;Kamshybek Kunkabayev;Бокс;Супертяжелый вес, мужчины;3;Бронза;Федерация бокса
2020;Nadezhda Ryabets;Бокс;Средний вес, женщины;9;—;Федерация бокса
2020;Aleksandr Kulikov;Гребной слалом;Каноэ-одиночка, слалом, мужчины;12;—;Федерация гребли на байдарках и каноэ
2020;Yekaterina Smirnova;Гребной слалом;Байдарка-одиночка, слалом, женщины;25;—;Федерация гребли на байдарках и каноэ
2020;Sergey Yemelyanov;Гребля на байдарках и каноэ;Каноэ-одиночка, 1000 метров, мужчины;24;—;Федерация гребли на байдарках и каноэ
2020;Nataliya Sergeyeva;Гребля на байдарках и каноэ;Байдарка-одиночка, 200 метров, женщины;30;—;Федерация гребли на байдарках и каноэ
2020;Nataliya Sergeyeva;Гребля на байдарках и каноэ;Байдарка-одиночка, 500 метров, женщины;36;—;Федерация гребли на байдарках и каноэ
2020;Margarita Torlopova;Гребля на байдарках и каноэ;Каноэ-одиночка, 200 метров, женщины;29;—;Федерация гребли на байдарках и каноэ
2020;Aleksey Lutsenko;Шоссейный велоспорт;Групповая гонка, мужчины;21;—;Федерация велоспорта
2020;Vadim Pronsky;Шоссейный велоспорт;Групповая гонка, мужчины;DNF;—;Федерация велоспорта
2020;Dmitry Gruzdev;Шоссейный велоспорт;Групповая гонка, мужчины;DNF;—;Федерация велоспорта
2020;Aleksey Lutsenko;Шоссейный велоспорт;Индивидуальная гонка с раздельным стартом, мужчины;32;—;Федерация велоспорта
2020;Sergey Ponomaryov;Трековый велоспорт;Sprint, Men;29;—;Федерация велоспорта
2020;Sergey Ponomaryov;Трековый велоспорт;Keirin, Men;19;—;Федерация велоспорта
2020;Artyom Zakharov;Трековый велоспорт;Omnium, Men;14;—;Федерация велоспорта
2020;Ruslan Kurbanov;Фехтование;?p?e, Individual, Men;12;—;Федерация фехтования
2020;Yeldos Smetov;Дзюдо;Первый наилегчайший вес, мужчины;3;Бронза;Федерация дзюдо
2020;Yerlan Serikzhanov;Дзюдо;Второй наилегчайший вес, мужчины;9;—;Федерация дзюдо
2020;Zhansay Smagulov;Дзюдо;Легкий вес, мужчины;9;—;Федерация дзюдо
2020;Didar Khamza;Дзюдо;Первый средний вес, мужчины;17;—;Федерация дзюдо
2020;Islam Bozbayev;Дзюдо;Средний вес, мужчины;17;—;Федерация дзюдо
2020;Otgontsetseg Galbadrakhyn;Дзюдо;Первый наилегчайший вес, женщины;17;—;Федерация дзюдо
2020;Darkhan Asadilov;Karate;Kumite, ?67 kg, Men;3;Бронза;Неизвестная федерация
2020;Nurkanat Azhikanov;Karate;Kumite, ?75 kg, Men;7;—;Неизвестная федерация
2020;Daniyar Yuldashev;Karate;Kumite, >75 kg, Men;7;—;Неизвестная федерация
2020;Moldir Zhangbyrbay;Karate;Kumite, ?55 kg, Women;7;—;Неизвестная федерация
2020;Sofya Berultseva;Karate;Kumite, >61 kg, Women;3;Бронза;Неизвестная федерация
2020;Vitaly Khudyakov;Marathon Swimming;10 kilometres Open Water, Men;21;—;Неизвестная федерация
2020;Pavel Ilyashenko;Современное пятиборье;Личный зачет, мужчины;29;—;Федерация современного пятиборья
2020;Yelena Potapenko;Современное пятиборье;Личный зачет, женщины;13;—;Федерация современного пятиборья
2020;Alina Adilkhanova;Художественная гимнастика;Личный зачет, женщины;21;—;Федерация гимнастики
2020;Vladislav Yakovlev;Академическая гребля;Single Sculls, Men;19;—;Федерация Федерация гребли на байдарках и каноэ
2020;Yury Yurkov;Стрельба;Пневматическая винтовка, 10 метров, мужчины;36;—;Федерация спортивной стрельбы
2020;Yury Yurkov;Стрельба;Малокалиберная винтовка, три положения, 50 метров, мужчины;14;—;Федерация спортивной стрельбы
2020;Zoya Kravchenko;Стрельба;Skeet, Women;22;—;Федерация спортивной стрельбы
2020;Asem Orynbay;Стрельба;Skeet, Women;26;—;Федерация спортивной стрельбы
2020;Rishat Khaybullin;Sport Climbing;Комбинированная гонка, мужчины;11;—;Неизвестная федерация
2020;Dmitry Balandin;Плавание;100 метров брассом, мужчины;17;—;Федерация водных видов спорта
2020;Dmitry Balandin;Плавание;200 метров брассом, мужчины;11;—;Федерация водных видов спорта
2020;Diana Nazarova;Плавание;100 метров на спине, женщины;40;—;Федерация водных видов спорта
2020;Kirill Gerasimenko;Настольный теннис;Одиночное катание, мужчины;17;—;Федерация настольного тенниса
2020;Anastasiya Lavrova;Настольный теннис;Singles, Women;49;—;Федерация настольного тенниса
2020;Ruslan Zhaparov;Тхэквондо;Тяжелый вес, мужчины;9;—;Федерация тхэквондо
2020;Cansel Deniz;Тхэквондо;Тяжелый вес, женщины;9;—;Федерация тхэквондо
2020;Mikhail Kukushkin;Теннис;Одиночное катание, мужчины;17;—;Федерация тенниса
2020;Aleksandr Bublik;Теннис;Одиночное катание, мужчины;33;—;Федерация тенниса
2020;Yelena Rybakina;Теннис;Singles, Women;4;—;Федерация тенниса
2020;Zarina Diyas;Теннис;Singles, Women;33;—;Федерация тенниса
2020;Yuliya Putintseva;Теннис;Singles, Women;33;—;Федерация тенниса
2020;Yaroslava Shvedova;Теннис;Singles, Women;33;—;Федерация тенниса
2020;Igor Son;Тяжелая атлетика;Полулегкий вес, мужчины;3;Бронза;Федерация тяжелой атлетики
2020;Zulfiya Chinshanlo;Тяжелая атлетика;Featherweight, Women;3;Бронза;Федерация тяжелой атлетики
2020;Mirambek Aynagulov;Борьба;Полулегкий вес, греко-римская борьба, мужчины;16;—;Федерация борьбы
2020;Demeu Zhadrayev;Борьба;Средний вес, греко-римская борьба, мужчины;9;—;Федерация борьбы
2020;Nursultan Tursynov;Борьба;Полутяжелый вес, греко-римская борьба, мужчины;14;—;Федерация борьбы
2020;Nurislam Sanayev;Борьба;Полулегкий вес, вольная борьба, мужчины;3;Бронза;Федерация борьбы
2020;Daulet Niyazbekov;Борьба;Полусредний вес, вольная борьба, мужчины;5;—;Федерация борьбы
2020;Daniyar Kaysanov;Борьба;Средний вес, вольная борьба, мужчины;5;—;Федерация борьбы
2020;Alisher Yergali;Борьба;Heavyweight, Freestyle, Men;7;—;Федерация борьбы
2020;Yusup Batyrmurzayev;Борьба;Супертяжелый вес, вольная борьба, мужчины;12;—;Федерация борьбы
2020;Valentina Islamova;Борьба;Flyweight, Freestyle, Women;11;—;Федерация борьбы
2020;Tatyana Akhmetova;Борьба;Featherweight, Freestyle, Women;12;—;Федерация борьбы
2020;Elmira Syzdykova;Борьба;Heavyweight, Freestyle, Women;13;—;Федерация борьбы
2022;Zakhar Kuchin;Горнолыжный спорт;Гигантский слалом, мужчины;DNF;—;Федерация лыжного спорта
2022;Zakhar Kuchin;Горнолыжный спорт;Slalom, Men;36;—;Федерация лыжного спорта
2022;Alexandra Troitskaya;Горнолыжный спорт;Slalom, Women;DNF;—;Федерация лыжного спорта
2022;Aleksandr Mukhin;Биатлон;Спринт 10 км, мужчины;49;—;Федерация биатлона
2022;Vladislav Kireyev;Биатлон;Спринт 10 км, мужчины;77;—;Федерация биатлона
2022;Aleksandr Mukhin;Биатлон;12.5 kilometres Pursuit, Men;57;—;Федерация биатлона
2022;Vladislav Kireyev;Биатлон;Гонка 20 км, мужчины;25;—;Федерация биатлона
2022;Aleksandr Mukhin;Биатлон;Гонка 20 км, мужчины;52;—;Федерация биатлона
2022;Galina Vishnevskaya-Sheporenko;Биатлон;Спринт 7.5 км, женщины;52;—;Федерация биатлона
2022;Galina Vishnevskaya-Sheporenko;Биатлон;10 kilometres Pursuit, Women;52;—;Федерация биатлона
2022;Galina Vishnevskaya-Sheporenko;Биатлон;Гонка 15 км, женщины;44;—;Федерация биатлона
2022;Yevgeny Velichko;Лыжные гонки;Sprint, Men;62;—;Федерация лыжных видов спорта
2022;Vitaly Pukhkalo;Лыжные гонки;Sprint, Men;66;—;Федерация лыжных видов спорта
2022;Vitaly Pukhkalo;Лыжные гонки;15 kilometres, Men;25;—;Федерация лыжных видов спорта
2022;Yevgeny Velichko;Лыжные гонки;15 kilometres, Men;40;—;Федерация лыжных видов спорта
2022;Yevgeny Velichko;Лыжные гонки;Гонка 50 км, мужчины;43;—;Федерация лыжных видов спорта
2022;Vitaly Pukhkalo;Лыжные гонки;30 kilometres Skiathlon, Men;32;—;Федерация лыжных видов спорта
2022;Yevgeny Velichko;Лыжные гонки;30 kilometres Skiathlon, Men;55;—;Федерация лыжных видов спорта
2022;Nadezhda Stepashkina;Лыжные гонки;Sprint, Women;51;—;Федерация лыжных видов спорта
2022;Angelina Shuryga;Лыжные гонки;Sprint, Women;60;—;Федерация лыжных видов спорта
2022;Kseniya Shalygina;Лыжные гонки;Sprint, Women;67;—;Федерация лыжных видов спорта
2022;Irina Bykova;Лыжные гонки;Sprint, Women;68;—;Федерация лыжных видов спорта
2022;Angelina Shuryga;Лыжные гонки;10 kilometres, Women;52;—;Федерация лыжных видов спорта
2022;Kseniya Shalygina;Лыжные гонки;10 kilometres, Women;53;—;Федерация лыжных видов спорта
2022;Nadezhda Stepashkina;Лыжные гонки;10 kilometres, Women;57;—;Федерация лыжных видов спорта
2022;Valeriya Tyuleneva;Лыжные гонки;10 kilometres, Women;59;—;Федерация лыжных видов спорта
2022;Angelina Shuryga;Лыжные гонки;Гонка 30 км, женщины;42;—;Федерация лыжных видов спорта
2022;Nadezhda Stepashkina;Лыжные гонки;Гонка 30 км, женщины;49;—;Федерация лыжных видов спорта
2022;Irina Bykova;Лыжные гонки;Гонка 30 км, женщины;54;—;Федерация лыжных видов спорта
2022;Kseniya Shalygina;Лыжные гонки;15 kilometres Skiathlon, Women;48;—;Федерация лыжных видов спорта
2022;Angelina Shuryga;Лыжные гонки;15 kilometres Skiathlon, Women;49;—;Федерация лыжных видов спорта
2022;Valeriya Tyuleneva;Лыжные гонки;15 kilometres Skiathlon, Women;51;—;Федерация лыжных видов спорта
2022;Nadezhda Stepashkina;Лыжные гонки;15 kilometres Skiathlon, Women;58;—;Федерация лыжных видов спорта
2022;Dmitry Reykherd;Фристайл;Могул, мужчины;8;—;Федерация лыжного спорта
2022;Pasha Kolmakov;Фристайл;Могул, мужчины;21;—;Федерация лыжного спорта
2022;Sherzod Khashyrbayev;Фристайл;Aerials, Men;19;—;Федерация лыжного спорта
2022;Yuliya Galysheva;Фристайл;Могул, женщины;11;—;Федерация лыжного спорта
2022;Anastasiya Gorodko;Фристайл;Могул, женщины;21;—;Федерация лыжного спорта
2022;Ayaulym Amrenova;Фристайл;Могул, женщины;22;—;Федерация лыжного спорта
2022;Olesya Graur;Фристайл;Могул, женщины;28;—;Федерация лыжного спорта
2022;Akmarzhan Kalmurzayeva;Фристайл;Aerials, Women;11;—;Федерация лыжного спорта
2022;Zhanbota Aldabergenova;Фристайл;Aerials, Women;13;—;Федерация лыжного спорта
2022;Chingiz Rakparov;Nordic Combined;Normal Hill / 10 km, Individual, Men;41;—;Неизвестная федерация
2022;Chingiz Rakparov;Nordic Combined;Large Hill / 10 km, Individual, Men;43;—;Неизвестная федерация
2022;Abzal Azhgaliyev;Шорт-трек;500 метров, мужчины;4;—;Федерация коньковых видов спорта
2022;Denis Nikisha;Шорт-трек;500 метров, мужчины;8;—;Федерация коньковых видов спорта
2022;Adil Galiakhmetov;Шорт-трек;500 метров, мужчины;19;—;Федерация коньковых видов спорта
2022;Adil Galiakhmetov;Шорт-трек;1000 метров, мужчины;22;—;Федерация коньковых видов спорта
2022;Adil Galiakhmetov;Шорт-трек;1500 метров, мужчины;8;—;Федерация коньковых видов спорта
2022;Denis Nikisha;Шорт-трек;1500 метров, мужчины;DQ;—;Федерация коньковых видов спорта
2022;Olga Tikhonova;Шорт-трек;1000 метров, женщины;24;—;Федерация коньковых видов спорта
2022;Olga Tikhonova;Шорт-трек;1,500 metres, Women;DQ;—;Федерация коньковых видов спорта
2022;Sergey Tkachenko;Прыжки с трамплина;Личный зачет, нормальный трамплин, мужчины;41;—;Федерация лыжных видов спорта
2022;Danil Vassilyev;Прыжки с трамплина;Личный зачет, нормальный трамплин, мужчины;46;—;Федерация лыжных видов спорта
2022;Danil Vassilyev;Прыжки с трамплина;Личный зачет, большой трамплин, мужчины;51;—;Федерация лыжных видов спорта
2022;Sergey Tkachenko;Прыжки с трамплина;Личный зачет, большой трамплин, мужчины;54;—;Федерация лыжных видов спорта
2022;Ivan Arzhanikov;Конькобежный спорт;500 метров, мужчины;28;—;Федерация коньковых видов спорта
2022;Dmitry Morozov;Конькобежный спорт;1000 метров, мужчины;17;—;Федерация коньковых видов спорта
2022;Denis Kuzin;Конькобежный спорт;1000 метров, мужчины;23;—;Федерация коньковых видов спорта
2022;Dmitry Morozov;Конькобежный спорт;1500 метров, мужчины;18;—;Федерация коньковых видов спорта
2022;Dmitry Morozov;Конькобежный спорт;Mass Start, Men;19;—;Федерация коньковых видов спорта
2022;Yekaterina Aydova;Конькобежный спорт;500 метров, женщины;20;—;Федерация коньковых видов спорта
2022;Nadezhda Morozova;Конькобежный спорт;1000 метров, женщины;11;—;Федерация коньковых видов спорта
2022;Yekaterina Aydova;Конькобежный спорт;1000 метров, женщины;19;—;Федерация коньковых видов спорта
2022;Nadezhda Morozova;Конькобежный спорт;1,500 metres, Women;14;—;Федерация коньковых видов спорта
2022;Yekaterina Aydova;Конькобежный спорт;1,500 metres, Women;18;—;Федерация коньковых видов спорта
2022;Nadezhda Morozova;Конькобежный спорт;3000 метров, женщины;13;—;Федерация коньковых видов спорта
2022;Nadezhda Morozova;Конькобежный спорт;Mass Start, Women;14;—;Федерация коньковых видов спорта
2010;Farida Tukebayeva;Стрельба из лука;Individual, Girls;17;—;Федерация стрельбы из лука, арбалета, дартса
2010;Viktor Kocherin;Спортивная гимнастика;Individual All-Around, Boys;32;—;Федерация гимнастики
2010;Moldir Azimbay;Спортивная гимнастика;Individual All-Around, Girls;24;—;Федерация гимнастики
2010;Ivan Salyakhov;Легкая атлетика;10,000 metres Race Walk, Boys;DNF;—;Федерация легкой атлетики
2010;Yevgeny Milovatsky;Легкая атлетика;Discus Throw, Boys;11;—;Федерация легкой атлетики
2010;Vladislav Podtsuk;Легкая атлетика;Javelin Throw, Boys;14;—;Федерация легкой атлетики
2010;Elina Mikhina;Легкая атлетика;400 metres, Girls;17;—;Федерация легкой атлетики
2010;Marina Zayko;Легкая атлетика;400 metres Hurdles, Girls;11;—;Федерация легкой атлетики
2010;Adlet Rakishev;Бокс;Middleweight, Boys;5;—;Федерация бокса
2010;Timofey Yemelyanov;Гребля на байдарках и каноэ;Canoe Singles, Head to Head, Boys;DNF;—;Федерация гребли на байдарках и каноэ
2010;Timofey Yemelyanov;Гребля на байдарках и каноэ;Canoe Singles, Obstacle Slalom, Boys;DQ;—;Федерация гребли на байдарках и каноэ
2010;Timur Patarov;Equestrian Jumping;Individual, Open Youth;9;—;Неизвестная федерация
2010;Kirill Zhakupov;Фехтование;?p?e, Individual, Boys;5;—;Федерация фехтования
2010;Kairat Agibayev;Дзюдо;?66 kilograms, Boys;9;—;Федерация дзюдо
2010;German Sobolev;Современное пятиборье;Individual, Boys;20;—;Федерация современного пятиборья
2010;Dilyara Ilyasova;Современное пятиборье;Individual, Girls;19;—;Федерация современного пятиборья
2010;Yuliya Kizima;Художественная гимнастика;Individual, Girls;13;—;Федерация гимнастики
2010;Irshat Avkhadiyev;Стрельба;Air Rifle, 10 metres, Boys;15;—;Федерация спортивной стрельбы
2010;Ruslan Baymanov;Плавание;50 metres Backstroke, Boys;12;—;Федерация водных видов спорта
2010;Ruslan Baymanov;Плавание;100 metres Backstroke, Boys;26;—;Федерация водных видов спорта
2010;Yekaterina Rudenko;Плавание;50 metres Backstroke, Girls;5;—;Федерация водных видов спорта
2010;Yekaterina Rudenko;Плавание;100 metres Backstroke, Girls;31;—;Федерация водных видов спорта
2010;Yuliya Litvina;Плавание;50 metres Breaststroke, Girls;14;—;Федерация водных видов спорта
2010;Yuliya Litvina;Плавание;100 metres Breaststroke, Girls;18;—;Федерация водных видов спорта
2010;Nursultan Mamayev;Тхэквондо;?55 kilograms, Boys;2;Серебро;Федерация тхэквондо
2010;Kirill Uvarov;Триатлон;Sprint, Boys;27;—;Неизвестная федерация
2010;Karolina Solovyova;Триатлон;Sprint, Girls;21;—;Неизвестная федерация
2010;Rustem Sybay;Тяжелая атлетика;Middleweight, Boys;3;Бронза;Федерация тяжелой атлетики
2010;Zulfiya Chinshanlo;Тяжелая атлетика;Middleweight, Girls;2;Серебро;Федерация тяжелой атлетики
2010;Zhazira Zhapparkul;Тяжелая атлетика;Heavyweight, Girls;1;Золото;Федерация тяжелой атлетики
2010;Akan Baymaganbetov;Борьба;?42 kilograms, Greco Roman, Boys;3;Бронза;Федерация борьбы
2010;Zhanibek Kandybayev;Борьба;?69 kilograms, Greco Roman, Boys;1;Золото;Федерация борьбы
2010;Rimma Kushkenova;Борьба;?70 kilograms, Freestyle, Girls;4;—;Федерация борьбы
2012;Ruslan Sabitov;Горнолыжный спорт;Super G, Boys;33;—;Федерация лыжного спорта
2012;Ruslan Sabitov;Горнолыжный спорт;Giant Slalom, Boys;26;—;Федерация лыжного спорта
2012;Ruslan Sabitov;Горнолыжный спорт;Slalom, Boys;DNF;—;Федерация лыжного спорта
2012;Ruslan Sabitov;Горнолыжный спорт;Combined, Boys;DNF;—;Федерация лыжного спорта
2012;Mariya Grigorova;Горнолыжный спорт;Super G, Girls;DQ;—;Федерация лыжного спорта
2012;Mariya Grigorova;Горнолыжный спорт;Giant Slalom, Girls;40;—;Федерация лыжного спорта
2012;Mariya Grigorova;Горнолыжный спорт;Slalom, Girls;DNF;—;Федерация лыжного спорта
2012;Ruslan Besov;Биатлон;7.5 kilometres Sprint, Boys;31;—;Федерация биатлона
2012;Ruslan Besov;Биатлон;10 kilometres Pursuit, Boys;31;—;Федерация биатлона
2012;Galina Vishnevskaya;Биатлон;6 kilometres Sprint, Girls;2;Серебро;Федерация биатлона
2012;Anastasiya Kondratyeva;Биатлон;6 kilometres Sprint, Girls;32;—;Федерация биатлона
2012;Galina Vishnevskaya;Биатлон;7.5 kilometres Pursuit, Girls;3;Бронза;Федерация биатлона
2012;Anastasiya Kondratyeva;Биатлон;7.5 kilometres Pursuit, Girls;27;—;Федерация биатлона
2012;Sergey Malyshev;Лыжные гонки;Sprint, Boys;8;—;Федерация лыжных видов спорта
2012;Sergey Malyshev;Лыжные гонки;10 kilometres, Boys;3;Бронза;Федерация лыжных видов спорта
2012;Aleksandra Kun;Лыжные гонки;Sprint, Girls;32;—;Федерация лыжных видов спорта
2012;Aleksandra Kun;Лыжные гонки;5 kilometres, Girls;26;—;Федерация лыжных видов спорта
2012;Aleksandr Lyan;Фигурное катание;Singles, Boys;14;—;Федерация фигурного катания
2012;Alon Mullayev;Фристайл;Ski Cross, Boys;17;—;Федерация лыжного спорта
2012;Sergey Korzhnev;Luge;Singles, Boys;14;—;Неизвестная федерация
2012;Darya Kudryavtseva;Luge;Singles, Girls;DNF;—;Неизвестная федерация
2012;Darya Goncharova;Шорт-трек;500 metres, Girls;11;—;Федерация коньковых видов спорта
2012;Darya Goncharova;Шорт-трек;1,000 metres, Girls;6;—;Федерация коньковых видов спорта
2012;Kanat Khamitov;Прыжки с трамплина;Medium Hill, Individual, Boys;23;—;Федерация лыжных видов спорта
2012;Stanislav Palkin;Конькобежный спорт;500 metres, Boys;5;—;Федерация коньковых видов спорта
2012;Dmitry Morozov;Конькобежный спорт;500 metres, Boys;DNF;—;Федерация коньковых видов спорта
2012;Dmitry Morozov;Конькобежный спорт;3,000 metres, Boys;9;—;Федерация коньковых видов спорта
2012;Stanislav Palkin;Конькобежный спорт;Mass Start, Boys;5;—;Федерация коньковых видов спорта
2012;Dmitry Morozov;Конькобежный спорт;Mass Start, Boys;11;—;Федерация коньковых видов спорта
2012;Svetlana Maltseva;Конькобежный спорт;500 metres, Girls;6;—;Федерация коньковых видов спорта
2012;Yelizaveta Prokhorenko;Конькобежный спорт;1,500 metres, Girls;11;—;Федерация коньковых видов спорта
2012;Yelizaveta Prokhorenko;Конькобежный спорт;3,000 metres, Girls;11;—;Федерация коньковых видов спорта
2012;Yelizaveta Prokhorenko;Конькобежный спорт;Mass Start, Girls;17;—;Федерация коньковых видов спорта
2012;Svetlana Maltseva;Конькобежный спорт;Mass Start, Girls;25;—;Федерация коньковых видов спорта
2014;Aruzhan Abdrazak;Стрельба из лука;Individual, Girls;17;—;Федерация стрельбы из лука, арбалета, дартса
2014;Yerbol Jantykov;Спортивная гимнастика;Individual All-Around, Boys;15;—;Федерация гимнастики
2014;Arailym Khanseiitova;Спортивная гимнастика;Individual All-Around, Girls;24;—;Федерация гимнастики
2014;Vladislav Grigoryev;Легкая атлетика;200 metres, Boys;16;—;Федерация легкой атлетики
2014;Ivan Solovyev;Легкая атлетика;Triple Jump, Boys;6;—;Федерация легкой атлетики
2014;Lyubov Ushakova;Легкая атлетика;400 metres, Girls;13;—;Федерация легкой атлетики
2014;Anastasiya Sergeyeva;Легкая атлетика;400 metres Hurdles, Girls;14;—;Федерация легкой атлетики
2014;Yekaterina Nesterova;Легкая атлетика;Shot Put, Girls;11;—;Федерация легкой атлетики
2014;Varvara Nazarova;Легкая атлетика;Javelin Throw, Girls;13;—;Федерация легкой атлетики
2014;Shalkar Aikhynbay;Бокс;Light-Flyweight, Boys;4;—;Федерация бокса
2014;Ablaykhan Zhusupov;Бокс;Lightweight, Boys;1;Золото;Федерация бокса
2014;Vadim Kazakov;Бокс;Light-Heavyweight, Boys;2;Серебро;Федерация бокса
2014;Alua Balkibekova;Бокс;Flyweight, Girls;5;—;Федерация бокса
2014;Anton Alshanskiy;Гребля на байдарках и каноэ;Canoe Singles, Head to Head, Boys;9;—;Федерация гребли на байдарках и каноэ
2014;Anton Alshanskiy;Гребля на байдарках и каноэ;Canoe Singles, Obstacle Slalom, Boys;AC r1/5;—;Федерация гребли на байдарках и каноэ
2014;Yekaterina Kaltenberger;Гребля на байдарках и каноэ;Kayak Singles, Head to Head, Girls;4;—;Федерация гребли на байдарках и каноэ
2014;Yekaterina Kaltenberger;Гребля на байдарках и каноэ;Kayak Singles, Obstacle Slalom, Girls;DNS;—;Федерация гребли на байдарках и каноэ
2014;Nurlan Kassymov;Фехтование;Sabre, Individual, Boys;6;—;Федерация фехтования
2014;Bauyrzhan Zhauyntayev;Дзюдо;?55 kilograms, Boys;1;Золото;Федерация дзюдо
2014;Adiya Saiyn;Дзюдо;?44 kilograms, Girls;7;—;Федерация дзюдо
2014;Artyom Drobotov;Современное пятиборье;Individual, Boys;13;—;Федерация современного пятиборья
2014;Olesya Mylnikova;Современное пятиборье;Individual, Girls;21;—;Федерация современного пятиборья
2014;Yelizaveta Mainovskaya;Художественная гимнастика;Individual, Girls;13;—;Федерация гимнастики
2014;Sukhrab Turdyyev;Стрельба;Air Pistol, 10 metres, Boys;8;—;Федерация спортивной стрельбы
2014;Dmitry Goverdovsky;Плавание;50 metres Breaststroke, Boys;20;—;Федерация водных видов спорта
2014;Dmitry Goverdovsky;Плавание;100 metres Breaststroke, Boys;29;—;Федерация водных видов спорта
2014;Yekaterina Russova;Плавание;50 metres Freestyle, Girls;21;—;Федерация водных видов спорта
2014;Yekaterina Dymchenko;Плавание;50 metres Backstroke, Girls;22;—;Федерация водных видов спорта
2014;Yekaterina Dymchenko;Плавание;100 metres Backstroke, Girls;20;—;Федерация водных видов спорта
2014;Kirill Gerasimenko;Настольный теннис;Singles, Boys;9;—;Федерация настольного тенниса
2014;Yuliya Ryabova;Настольный теннис;Singles, Girls;25;—;Федерация настольного тенниса
2014;Galymzhan Serikbay;Тхэквондо;?48 kilograms, Boys;5;—;Федерация тхэквондо
2014;Pirmammad Aliyev;Trampolining;Individual, Boys;7;—;Неизвестная федерация
2014;Arman Kydyrtayev;Триатлон;Sprint, Boys;31;—;Неизвестная федерация
2014;Mikhail Makeyev;Тяжелая атлетика;Lightweight, Boys;4;—;Федерация тяжелой атлетики
2014;Zhaslan Kaliyev;Тяжелая атлетика;Middleweight, Boys;3;Бронза;Федерация тяжелой атлетики
2014;Altynay Damen;Тяжелая атлетика;Middleweight, Girls;5;—;Федерация тяжелой атлетики
2014;Tatyana Kapustina;Тяжелая атлетика;Super-Heavyweight, Girls;3;Бронза;Федерация тяжелой атлетики
2014;Raiynbek Kurmanali;Борьба;?58 kilograms, Greco Roman, Boys;5;—;Федерация борьбы
2014;Yevgeny Polivadov;Борьба;?69 kilograms, Greco Roman, Boys;3;Бронза;Федерация борьбы
2014;Mukhambet Kuatbek;Борьба;?54 kilograms, Freestyle, Boys;1;Золото;Федерация борьбы
2014;Merey Duisenova;Борьба;?70 kilograms, Freestyle, Girls;7;—;Федерация борьбы
2016;Yekaterina Karpova;Горнолыжный спорт;Super G, Girls;31;—;Федерация лыжного спорта
2016;Yekaterina Karpova;Горнолыжный спорт;Giant Slalom, Girls;25;—;Федерация лыжного спорта
2016;Yekaterina Karpova;Горнолыжный спорт;Slalom, Girls;DNF;—;Федерация лыжного спорта
2016;Yekaterina Karpova;Горнолыжный спорт;Combined, Girls;22;—;Федерация лыжного спорта
2016;Ivan Darin;Биатлон;7.5 kilometres Sprint, Boys;26;—;Федерация биатлона
2016;Ivan Darin;Биатлон;10 kilometres Pursuit, Boys;39;—;Федерация биатлона
2016;Arina Pantova;Биатлон;6 kilometres Sprint, Girls;3;Бронза;Федерация биатлона
2016;Yevgeniya Krasikova;Биатлон;6 kilometres Sprint, Girls;15;—;Федерация биатлона
2016;Arina Pantova;Биатлон;7.5 kilometres Pursuit, Girls;7;—;Федерация биатлона
2016;Yevgeniya Krasikova;Биатлон;7.5 kilometres Pursuit, Girls;10;—;Федерация биатлона
2016;Ivan Lyuft;Лыжные гонки;Sprint, Boys;7;—;Федерация лыжных видов спорта
2016;Ivan Lyuft;Лыжные гонки;10 kilometres, Boys;11;—;Федерация лыжных видов спорта
2016;Ivan Lyuft;Лыжные гонки;Cross, Boys;8;—;Федерация лыжных видов спорта
2016;Anzhelika Tarasova;Лыжные гонки;Sprint, Girls;16;—;Федерация лыжных видов спорта
2016;Anzhelika Tarasova;Лыжные гонки;5 kilometres, Girls;14;—;Федерация лыжных видов спорта
2016;Anzhelika Tarasova;Лыжные гонки;Cross, Girls;19;—;Федерация лыжных видов спорта
2016;Elizabet Tursynbaeva;Фигурное катание;Singles, Girls;3;Бронза;Федерация фигурного катания
2016;Olzhas Kairat;Фристайл;Ski Cross, Boys;18;—;Федерация лыжного спорта
2016;Aizhan Sapiyanova;Фристайл;Ski Cross, Girls;14;—;Федерация лыжного спорта
2016;Anastassiya Bogacheva;Luge;Singles, Girls;18;—;Неизвестная федерация
2016;Yerkebulan Shamukhanov;Шорт-трек;500 metres, Boys;12;—;Федерация коньковых видов спорта
2016;Yerkebulan Shamukhanov;Шорт-трек;1,000 metres, Boys;9;—;Федерация коньковых видов спорта
2016;Anita Nagay;Шорт-трек;500 metres, Girls;11;—;Федерация коньковых видов спорта
2016;Anita Nagay;Шорт-трек;1,000 metres, Girls;9;—;Федерация коньковых видов спорта
2016;Sergey Tkachenko;Прыжки с трамплина;Normal Hill, Individual, Boys;14;—;Федерация лыжных видов спорта
2016;Anvar Mukhamadeyev;Конькобежный спорт;500 metres, Boys;23;—;Федерация коньковых видов спорта
2016;Anvar Mukhamadeyev;Конькобежный спорт;1,500 metres, Boys;22;—;Федерация коньковых видов спорта
2016;Anvar Mukhamadeyev;Конькобежный спорт;Mass Start, Boys;21;—;Федерация коньковых видов спорта
2016;Mariya Gromova;Конькобежный спорт;500 metres, Girls;25;—;Федерация коньковых видов спорта
2016;Mariya Gromova;Конькобежный спорт;1,500 metres, Girls;26;—;Федерация коньковых видов спорта
2016;Mariya Gromova;Конькобежный спорт;Mass Start, Girls;20;—;Федерация коньковых видов спорта
2018;Alikhan Mustafin;Стрельба из лука;Individual, Boys;17;—;Федерация стрельбы из лука, арбалета, дартса
2018;Aleksandra Voropayeva;Стрельба из лука;Individual, Girls;9;—;Федерация стрельбы из лука, арбалета, дартса
2018;Ayan Moldagaliyev;Спортивная гимнастика;Individual All-Around, Boys;30;—;Федерация гимнастики
2018;Ayan Moldagaliyev;Спортивная гимнастика;Floor Exercise, Boys;34;—;Федерация гимнастики
2018;Ayan Moldagaliyev;Спортивная гимнастика;Vault, Boys;32;—;Федерация гимнастики
2018;Ayan Moldagaliyev;Спортивная гимнастика;Parallel Bars, Boys;6;—;Федерация гимнастики
2018;Ayan Moldagaliyev;Спортивная гимнастика;Horizontal Bar, Boys;28;—;Федерация гимнастики
2018;Ayan Moldagaliyev;Спортивная гимнастика;Rings, Boys;28;—;Федерация гимнастики
2018;Ayan Moldagaliyev;Спортивная гимнастика;Pommelled Horse, Boys;8;—;Федерация гимнастики
2018;Yefim Tarasov;Легкая атлетика;400 metres, Boys;10;—;Федерация легкой атлетики
2018;Aleksandra Zalyubovskaya;Легкая атлетика;400 metres, Girls;16;—;Федерация легкой атлетики
2018;Galina Panassenko;Легкая атлетика;2,000 metres Steeplechase, Girls;DNF;—;Федерация легкой атлетики
2018;Anastasiya Glukhareva;Легкая атлетика;Triple Jump, Girls;12;—;Федерация легкой атлетики
2018;Kristina Morozova;Легкая атлетика;5,000 metres Walk, Girls;14;—;Федерация легкой атлетики
2018;Dmitry Panarin;Badminton;Singles, Boys;9;—;Неизвестная федерация
2018;Talgat Shaiken;Бокс;Light-Welterweight, Boys;2;Серебро;Федерация бокса
2018;Aibek Oralbay;Бокс;Heavyweight, Boys;1;Золото;Федерация бокса
2018;Damir Toibay;Бокс;Super-Heavyweight, Boys;2;Серебро;Федерация бокса
2018;Zhansaya Abdraimova;Бокс;Flyweight, Girls;5;—;Федерация бокса
2018;Nadezhda Ryabets;Бокс;Middleweight, Girls;3;Бронза;Федерация бокса
2018;Mikhail Yakovlev;Гребля на байдарках и каноэ;Kayak Singles, Head to Head, Boys;5;—;Федерация гребли на байдарках и каноэ
2018;Mikhail Yakovlev;Гребля на байдарках и каноэ;Kayak Singles, Obstacle Slalom, Boys;9;—;Федерация гребли на байдарках и каноэ
2018;Dias Bakhraddin;Гребля на байдарках и каноэ;Canoe Singles, Head to Head, Boys;1;Золото;Федерация гребли на байдарках и каноэ
2018;Dias Bakhraddin;Гребля на байдарках и каноэ;Canoe Singles, Obstacle Slalom, Boys;5;—;Федерация гребли на байдарках и каноэ
2018;Stella Sukhanova;Гребля на байдарках и каноэ;Kayak Singles, Head to Head, Girls;3;Бронза;Федерация гребли на байдарках и каноэ
2018;Stella Sukhanova;Гребля на байдарках и каноэ;Kayak Singles, Obstacle Slalom, Girls;9;—;Федерация гребли на байдарках и каноэ
2018;Elnura Nurlanova;Гребля на байдарках и каноэ;Canoe Singles, Head to Head, Girls;4;—;Федерация гребли на байдарках и каноэ
2018;Elnura Nurlanova;Гребля на байдарках и каноэ;Canoe Singles, Obstacle Slalom, Girls;5;—;Федерация гребли на байдарках и каноэ
2018;Yelizaveta Borova;Прыжки в воду;Platform, Girls;10;—;Федерация водных видов спорта
2018;Tamila Muridova;Фехтование;?p?e, Individual, Girls;14;—;Федерация фехтования
2018;Bekarys Saduakas;Дзюдо;?100 kilograms, Boys;1;Золото;Федерация дзюдо
2018;Margarita Gritsenko;Дзюдо;?78 kilograms, Girls;2;Серебро;Федерация дзюдо
2018;Abilmansur Batyrgali;Karate;Kumite, ?68 kilograms, Boys;3;Бронза;Неизвестная федерация
2018;Adil Ibragimov;Современное пятиборье;Individual, Boys;14;—;Федерация современного пятиборья
2018;Sofiya Prizhennikova;Современное пятиборье;Individual, Girls;21;—;Федерация современного пятиборья
2018;Roza Abitova;Художественная гимнастика;Individual, Girls;9;—;Федерация гимнастики
2018;Eldar Imankulov;Стрельба;Air Pistol, 10 metres, Boys;4;—;Федерация спортивной стрельбы
2018;Alen Okhotinsky;Плавание;50 metres Freestyle, Boys;28;—;Федерация водных видов спорта
2018;Kirill Shatskov;Плавание;100 metres Freestyle, Boys;31;—;Федерация водных видов спорта
2018;Kirill Shatskov;Плавание;50 metres Butterfly, Boys;39;—;Федерация водных видов спорта
2018;Diana Nazarova;Плавание;50 metres Backstroke, Girls;8;—;Федерация водных видов спорта
2018;Diana Nazarova;Плавание;100 metres Backstroke, Girls;19;—;Федерация водных видов спорта
2018;Anastasiya Rezvantseva;Плавание;200 metres Backstroke, Girls;16;—;Федерация водных видов спорта
2018;Diana Nazarova;Плавание;50 metres Butterfly, Girls;13;—;Федерация водных видов спорта
2018;Assel Usmanova;Тхэквондо;?44 kilograms, Girls;5;—;Федерация тхэквондо
2018;Tangsholpan Kaiyrzhankyzy;Тхэквондо;?49 kilograms, Girls;11;—;Федерация тхэквондо
2018;Dostanbek Tashbulatov;Теннис;Singles, Boys;17;—;Федерация тенниса
2018;Yekaterina Lukina;Trampolining;Individual, Girls;12;—;Неизвестная федерация
2018;Daniil Zubtsov;Триатлон;Sprint, Boys;26;—;Неизвестная федерация
2018;Nilufar Raimova;Борьба;?49 kilograms, Freestyle, Girls;9;—;Федерация борьбы
2020;Vladislav Shlemov;Горнолыжный спорт;Super G, Boys;50;—;Федерация лыжного спорта
2020;Vladislav Shlemov;Горнолыжный спорт;Giant Slalom, Boys;36;—;Федерация лыжного спорта
2020;Vladislav Shlemov;Горнолыжный спорт;Slalom, Boys;DNF;—;Федерация лыжного спорта
2020;Vladislav Shlemov;Горнолыжный спорт;Combined, Boys;DNF;—;Федерация лыжного спорта
2020;Alexandra Troitskaya;Горнолыжный спорт;Super G, Girls;45;—;Федерация лыжного спорта
2020;Alexandra Troitskaya;Горнолыжный спорт;Giant Slalom, Girls;DNF;—;Федерация лыжного спорта
2020;Alexandra Troitskaya;Горнолыжный спорт;Slalom, Girls;DNF;—;Федерация лыжного спорта
2020;Alexandra Troitskaya;Горнолыжный спорт;Combined, Girls;DNF;—;Федерация лыжного спорта
2020;Vadim Kurales;Биатлон;7.5 kilometres Sprint, Boys;18;—;Федерация биатлона
2020;Danil Chervenko;Биатлон;7.5 kilometres Sprint, Boys;33;—;Федерация биатлона
2020;Arseniy Bezginov;Биатлон;7.5 kilometres Sprint, Boys;66;—;Федерация биатлона
2020;Vadim Kurales;Биатлон;12.5 kilometres, Boys;32;—;Федерация биатлона
2020;Arseniy Bezginov;Биатлон;12.5 kilometres, Boys;34;—;Федерация биатлона
2020;Danil Chervenko;Биатлон;12.5 kilometres, Boys;41;—;Федерация биатлона
2020;Ulyana Ardalionova;Биатлон;6 kilometres Sprint, Girls;23;—;Федерация биатлона
2020;Vlada Vassillchenko;Биатлон;6 kilometres Sprint, Girls;62;—;Федерация биатлона
2020;Arina Kupriyanova;Биатлон;6 kilometres Sprint, Girls;63;—;Федерация биатлона
2020;Ulyana Ardalionova;Биатлон;10 kilometres, Girls;65;—;Федерация биатлона
2020;Arina Kupriyanova;Биатлон;10 kilometres, Girls;67;—;Федерация биатлона
2020;Vlada Vassillchenko;Биатлон;10 kilometres, Girls;73;—;Федерация биатлона
2020;Ilyas Issabek;Лыжные гонки;Sprint, Boys;37;—;Федерация лыжных видов спорта
2020;Didar Kassenov;Лыжные гонки;Sprint, Boys;51;—;Федерация лыжных видов спорта
2020;Didar Kassenov;Лыжные гонки;10 kilometres, Boys;24;—;Федерация лыжных видов спорта
2020;Ilyas Issabek;Лыжные гонки;10 kilometres, Boys;37;—;Федерация лыжных видов спорта
2020;Didar Kassenov;Лыжные гонки;Cross, Boys;36;—;Федерация лыжных видов спорта
2020;Ilyas Issabek;Лыжные гонки;Cross, Boys;42;—;Федерация лыжных видов спорта
2020;Aisha Rakisheva;Лыжные гонки;Sprint, Girls;32;—;Федерация лыжных видов спорта
2020;Valeriya Batchenko;Лыжные гонки;Sprint, Girls;45;—;Федерация лыжных видов спорта
2020;Aisha Rakisheva;Лыжные гонки;5 kilometres, Girls;25;—;Федерация лыжных видов спорта
2020;Valeriya Batchenko;Лыжные гонки;5 kilometres, Girls;57;—;Федерация лыжных видов спорта
2020;Aisha Rakisheva;Лыжные гонки;Cross, Girls;23;—;Федерация лыжных видов спорта
2020;Valeriya Batchenko;Лыжные гонки;Cross, Girls;62;—;Федерация лыжных видов спорта
2020;Anel Sufashova;Фристайл;Ski Cross, Girls;22;—;Федерация лыжного спорта
2020;Svyatoslav Nazarenko;Nordic Combined;Normal Hill / 6 km, Individual, Boys;27;—;Неизвестная федерация
2020;Sanzhar Zhanissov;Шорт-трек;500 metres, Boys;12;—;Федерация коньковых видов спорта
2020;Sanzhar Zhanissov;Шорт-трек;1,000 metres, Boys;12;—;Федерация коньковых видов спорта
2020;Mariya Gorbunobva;Шорт-трек;500 metres, Girls;28;—;Федерация коньковых видов спорта
2020;Mariya Gorbunobva;Шорт-трек;1,000 metres, Girls;16;—;Федерация коньковых видов спорта
2020;Danil Vassilyev;Прыжки с трамплина;Normal Hill, Individual, Boys;9;—;Федерация лыжных видов спорта
2020;Nurshat Tursunzhanov;Прыжки с трамплина;Normal Hill, Individual, Boys;26;—;Федерация лыжных видов спорта
2020;Veronika Shishkina;Прыжки с трамплина;Normal Hill, Individual, Girls;17;—;Федерация лыжных видов спорта
2020;Amina Tukhtayeva;Прыжки с трамплина;Normal Hill, Individual, Girls;29;—;Федерация лыжных видов спорта
2020;Yevgeny Koshkin;Конькобежный спорт;500 metres, Boys;21;—;Федерация коньковых видов спорта
2020;Nuraly Akzhol;Конькобежный спорт;500 metres, Boys;26;—;Федерация коньковых видов спорта
2020;Nuraly Akzhol;Конькобежный спорт;1,500 metres, Boys;20;—;Федерация коньковых видов спорта
2020;Yevgeny Koshkin;Конькобежный спорт;1,500 metres, Boys;31;—;Федерация коньковых видов спорта
2020;Nuraly Akzhol;Конькобежный спорт;Mass Start, Boys;17;—;Федерация коньковых видов спорта
2020;Yevgeny Koshkin;Конькобежный спорт;Mass Start, Boys;29;—;Федерация коньковых видов спорта
2020;Alina Dauranova;Конькобежный спорт;500 metres, Girls;13;—;Федерация коньковых видов спорта
2020;Darya Gavrilova;Конькобежный спорт;500 metres, Girls;25;—;Федерация коньковых видов спорта
2020;Darya Gavrilova;Конькобежный спорт;1,500 metres, Girls;11;—;Федерация коньковых видов спорта
2020;Alina Dauranova;Конькобежный спорт;1,500 metres, Girls;15;—;Федерация коньковых видов спорта
2020;Alina Dauranova;Конькобежный спорт;Mass Start, Girls;17;—;Федерация коньковых видов спорта
2020;Darya Gavrilova;Конькобежный спорт;Mass Start, Girls;27;—;Федерация коньковых видов спорта
